1,1,буряад хубсаһан арадай шэнжэ,B Uh RJ AA T <SPACE> H Uh P S EH HH EH NG <SPACE> A R EH D EE <SPACE> SH E N ZH EH,id_001_.01
2,1,орон нютагуудаар хүн аяншалхадаа,O R EH NG <SPACE> NJ Uh T EH Gr UUh D AA R <SPACE> H Us NG <SPACE> A J EH N SH EH L H EH D AA,id_001_.02
3,1,өөртөө ехэ юумэ мэдэжэ абахаһаа гадна сэдьхэлээрээ хүгжэдэг,OOs R T OOs <SPACE> J E H EH <SPACE> J UUh M EH <SPACE> M E D EH ZH EH <SPACE> A V EH H EH HH AA <SPACE> G A D N EH <SPACE> S E TJ H EH L EE R EE <SPACE> H Us G ZH EH D EH K,id_001_.03
4,1,гүрэн бүхэндэ зоной ажабайдал элдэбын,G Us R EH NG <SPACE> B Us H EH N D EH <SPACE> Z O N EE <SPACE> A ZH EH B EE D EH L <SPACE> E L D EH V Y NG,id_001_.04
5,1,гүрэнэй өөрын шиидхээгүй асуудалнуудшье байха,G Us R EH N EE <SPACE> OOs R Y NG <SPACE> SH Y T H EE Gr UIs <SPACE> A S UUh D EH L N UUh T SH J EH <SPACE> B EE H EH,id_001_.05
6,1,хүгжэнги һайн ажабайдалтай болоһоншье гүрэнүүд бии,H Us G ZH EH NG GJ I <SPACE> HH EE NG <SPACE> A ZH EH B EE D EH L T EE <SPACE> B O L EH HH EH NG SH J EH <SPACE> G Us R EH N UUs T <SPACE> BJ II,id_001_.06
7,1,жэшээлбэл хитад гүрэнэй ажабайдал һайжараа гэжэ тэмдэглэхээр,ZH E SH EE L B EH L <SPACE> HJ I T EH T <SPACE> G Us R EH N EE <SPACE> A ZH EH B EE D EH L <SPACE> HH EE ZH EH R AA <SPACE> G E ZH EH <SPACE> T E M D EH G L EH H EE R,id_001_.07
8,1,тэрэ гүрэнэй экономико хүгжэнги,T E R EH <SPACE> G Us R EH N EE <SPACE> E K O N O MJ I K EH <SPACE> H Us G ZH EH NG GJ I,id_001_.08
9,1,хүдөөгэй харгынуудынь асфальтаар хушагдаатай,H Us D OOs Gr EE <SPACE> H A R Gr Y N UUh D Y NJ <SPACE> A S F A LJ T AA R <SPACE> H Uh SH EH G D AA T EE,id_001_.09
10,1,харгын асуудал эндэ үгы болоһон гэжэ ойлгохоор,H A R Gr Y NG <SPACE> A S UUh D EH L <SPACE> E N D EH <SPACE> Us Gr Y <SPACE> B O L EH HH EH NG <SPACE> G E ZH EH <SPACE> OE L Gr EH H OOh R,id_001_.10
11,1,гадна түбэдэй хада уулаар нэмжыһэн,G A D N EH <SPACE> T Us V EH D EE <SPACE> H A D EH <SPACE> UUh L AA R <SPACE> N E M ZH Y HH EH NG,id_001_.11
12,1,дасан дуганууд хүрэтэр харгы жэгдэ асфальтаар хушагданхай байгаа һэн,D A S EH NG <SPACE> D Uh Gr EH N UUh T <SPACE> H Us R EH T EH R <SPACE> H A R Gr Y <SPACE> ZH E G D EH <SPACE>  A S F A LJ T AA R <SPACE> H Uh SH EH G D EH N H EE <SPACE> B EE Gr AA <SPACE> HH EH NG,id_001_.12
13,1,мүнөө түбэд хитад гүрэнэй мэдэлдэ оронхой,M Us N OOs <SPACE> T Us V EH T <SPACE> HJ I T EH T <SPACE> G Us R EH N EE <SPACE> M E D EH L D EH <SPACE> O R EH N H EE,id_001_.13
14,1,эрхэ сүлөөгөө алдаһан түбэдүүд ёһо заншалаа,E R H EH <SPACE> S Us L OOs Gr OOs <SPACE> A L D EH HH EH NG <SPACE> T Us V EH D UUs T <SPACE> J O HH EH <SPACE> Z A N SH EH L AA,id_001_.14
15,1,үндэһэн хубсаһаяа хэлэеэ алдахагүй гэжэ горитойхон ажал ябуулна,Us N D EH HH EH NG <SPACE> H Uh P S EH HH EH J AA <SPACE> H E L EE J EE <SPACE> A L D EH H EH Gr UIs <SPACE> G E ZH EH <SPACE> G O RJ I T EE H EH NG <SPACE> A ZH EH L <SPACE> J A V UUh L N EH,id_001_.15
16,1,түбэд яһатанай нэгэнби гэжэ мэдэржэ байдаг хүн бүхэниинь,T Us V EH T <SPACE> J A HH EH T EH N EE <SPACE> N E Gr EH NG BJ I <SPACE> G E ZH EH <SPACE> M E D EH R ZH EH <SPACE> B EE D EH K <SPACE> H Us NG <SPACE> B Us H EH NJ II NJ,id_001_.16
17,1,үндэһэн хубсаһаяа үмдэхые оролдодог,Us N D EH HH EH NG <SPACE> H Uh P S EH HH EH J AA <SPACE> Us M D EH H Y J EH <SPACE> O R EH L D EH D EH K,id_001_.17
18,1,тэдэнэй үндэһэн хубсаһан хэдэн янзын байдаг,T E D EH N EE <SPACE> Us N D EH HH EH NG <SPACE> H Uh P S EH HH EH NG <SPACE> H E D EH NG <SPACE> J A N Z Y NG <SPACE> B EE D EH K,id_001_.18
19,1,түбэдэй хото городуудаар,T Us V EH D EE <SPACE> H O T EH <SPACE> G O R EH D UUh D AA R,id_001_.19
20,1,үндэһэн хубсаһа наймаалдаг наймаа дэлгүүрнүүд олон юм,Us N D EH HH EH NG <SPACE> H Uh P S EH HH EH <SPACE> N EE M AA L D EH K <SPACE> N EE M AA <SPACE> D E L Gr UUs R N UUs T <SPACE> O L EH NG <SPACE> J Uh M,id_001_.20
21,1,энэ мэтээр монголоор бодоходо баһал омогорхохоор,E N EH <SPACE> M E T EE R <SPACE> M O NG G EH L OOh R <SPACE> B O D EH H EH D EH <SPACE> B A HH EH L <SPACE> O M EH Gr EH R H EH H OOh R,id_001_.21
22,1,улаанбаатарай дэлгүүрнүүдтэ үндэһэн хубсаһа худалдадаг газарнууд олон байна,Uh L AA NG B AA T EH R EE <SPACE> D E L Gr UUs R N UUs T T EH <SPACE> Us N D EH HH EH NG <SPACE> H Uh P S EH HH EH <SPACE> H Uh D EH L D EH D EH K <SPACE> G A Z EH R N UUh T <SPACE> O L EH NG <SPACE> B EE N EH,id_001_.22
23,1,энэдхэгтэшье ябахада индус яһатанай эхэнэрнүүд,E N EH T H EH K T EH SH J EH <SPACE> J A V EH H EH D EH <SPACE> I N D Uh S <SPACE> J A HH EH T EH N EE <SPACE> E H EH N EH R N UUs T,id_001_.23
24,1,баян үгытэйшье байг сари хубсаһаяа үмдэнхэй ябана һэн,B A J EH NG <SPACE> Us Gr Y T EE SH J EH <SPACE> B EE K <SPACE> S A RJ I <SPACE> H Uh P S EH HH EH J AA <SPACE> Us M D EH N H EE <SPACE> J A V EH N EH <SPACE> HH EH NG,id_001_.24
25,1,яһатан бүхэн өөр өөрын онсо хубсаһатай,J A HH EH T EH NG <SPACE> B Us H EH NG <SPACE> OOs R <SPACE> OOs R Y NG <SPACE> O N S EH <SPACE> H Uh P S EH HH EH T EE,id_001_.25
26,1,хубсаһаараа бэшэ арадһаа бидэ илгарнабди,H Uh P S EH HH AA R AA <SPACE> B E SH EH <SPACE> A R EH D HH AA <SPACE> BJ I D EH <SPACE> I L Gr EH R N EH B DJ I,id_001_.26
27,1,энэ болотор дамжан ерэһэн буряад хубсаһаяа ганса һайндэрнүүдтэ бэшэ,E N EH <SPACE> B O L EH T EH R <SPACE> D A M ZH EH NG <SPACE> J E R EH HH EH NG <SPACE> B Uh RJ AA T <SPACE> H Uh P S EH HH EH J AA <SPACE> G A N S EH <SPACE> HH EE N D EH R N UUs T T EH <SPACE> B E SH EH,id_001_.27
28,1,харин юрын үдэрнүүдтэ үмдэхэдэ болохо гэжэ ойлгохонь шухала,H A RJ I NG <SPACE> J Uh R Y NG <SPACE> Us D EH R N UUs T T EH <SPACE> Us M D EH H EH D EH <SPACE> B O L EH H EH <SPACE> G E ZH EH <SPACE> OE L Gr EH H EH NJ <SPACE> SH Uh H EH L EH,id_001_.28
29,1,буряад маягта оруулагдаһан элдэб хубсаһануудые һанажа,B Uh RJ AA T <SPACE> M A J EH K T EH <SPACE> O R UUh L EH G D EH HH EH NG <SPACE> E L D EH P <SPACE> H Uh P S EH HH EH N UUh D Y J EH <SPACE> HH A N EH ZH EH,id_001_.29
30,1,олоор оёжо дэлгүүртэ худалдадаг болоо һаань гоёл байха һэн,O L OOh R <SPACE> O J EH ZH EH <SPACE> D E L Gr UUs R T EH <SPACE> H Uh D EH L D EH D EH K <SPACE> B O L OOh <SPACE> HH AA NJ <SPACE> G O J EH L <SPACE> B EE H EH <SPACE> HH EH NG,id_001_.30
31,1,жэшээлбэл би нэгэ тэрлигтэй болоод тэрэнээ үмдэхэ газараа олодоггүйб,ZH E SH EE L V EH L <SPACE> BJ I <SPACE> N E Gr EH <SPACE> T E R LJ I K T EE <SPACE> B O L OOh T <SPACE> T E R EH N EE <SPACE> Us M D EH H EH <SPACE> G A Z EH R AA <SPACE> O L EH D EH G G UIs P,id_001_.31
32,1,тэрлигээ ханза соогоо таһа даранхай хэдэн жэлээр байлгадагби,T E R LJ I Gr EE <SPACE> H A N Z EH <SPACE> S OOh Gr OOh <SPACE> T A HH EH <SPACE> D A R EH N H EE <SPACE> H E D EH NG <SPACE> ZH E L EE R <SPACE> B EE L Gr EH D EH G BJ I,id_001_.32
33,1,энэ буруул даа,E N EH <SPACE> B Uh R UUh L <SPACE> D AA,id_001_.33
34,1,шэнэхээнһээ ерэһэн айлшадые адаглахада,SH E N EH H EE N HH EE <SPACE> J E R EH HH EH NG <SPACE> EE L SH EH D Y J EH <SPACE> A D EH G L EH H EH D EH,id_001_.34
35,1,тэдэ энгэртэй буряад хубсаһаяа хаанашье үмдөөд ябадаг,T E D EH <SPACE> E NG G EH R T EE <SPACE> B Uh RJ AA T <SPACE> H Uh P S EH HH EH J AA <SPACE> H AA N EH SH J EH <SPACE> Us M D OOs T <SPACE> J A V EH D EH K,id_001_.35
36,1,эдэ досооһоо буряадайнгаа шэнжэ алдаагүй зон болоно,E D EH <SPACE> D O S OOh HH OOh <SPACE> B Uh RJ AA D EE NG G AA <SPACE> SH E N ZH EH <SPACE> A L D AA Gr UIs <SPACE> Z O NG <SPACE> B O L EH N EH,id_001_.36
37,1,энээн тухай хүн бүхэн бодомжолжо,E N EE NG <SPACE> T Uh H EE <SPACE> H Us NG <SPACE> B Us H EH NG <SPACE> B O D EH M ZH EH L ZH EH,id_001_.37
38,1,хубсаһаяа үмдөөгүй һаамнай,H Uh P S EH HH EH J AA <SPACE> Us M D OOs Gr UIs <SPACE> HH AA M N EE,id_001_.38
39,1,үндэһэн заншалнай хэндэшье хэрэггүй болохол,Us N D EH HH EH NG <SPACE> Z A N SH EH L N EE <SPACE> H E N D EH SH J EH <SPACE> H E R EH G G UIs <SPACE> B O L EH H EH L,id_001_.39
40,2,буряад хубсаһан арадай шэнжэ,B Uh RJ AA T <SPACE> H Uh P S EH HH EH NG <SPACE> A R EH D EE <SPACE> SH E N ZH EH,id_002_.01
41,2,орон нютагуудаар хүн аяншалхадаа,O R EH NG <SPACE> NJ Uh T EH Gr UUh D AA R <SPACE> H Us NG <SPACE> A J EH N SH EH L H EH D AA,id_002_.02
42,2,өөртөө ехэ юумэ мэдэжэ абахаһаа гадна сэдьхэлээрээ хүгжэдэг,OOs R T OOs <SPACE> J E H EH <SPACE> J UUh M EH <SPACE> M E D EH ZH EH <SPACE> A V EH H EH HH AA <SPACE> G A D N EH <SPACE> S E TJ H EH L EE R EE <SPACE> H Us G ZH EH D EH K,id_002_.03
43,2,гүрэн бүхэндэ зоной ажабайдал элдэбын,G Us R EH NG <SPACE> B Us H EH N D EH <SPACE> Z O N EE <SPACE> A ZH EH B EE D EH L <SPACE> E L D EH V Y NG,id_002_.04
44,2,гүрэнэй өөрын шиидхээгүй асуудалнуудшье байха,G Us R EH N EE <SPACE> OOs R Y NG <SPACE> SH Y T H EE Gr UIs <SPACE> A S UUh D EH L N UUh T SH J EH <SPACE> B EE H EH,id_002_.05
45,2,хүгжэнги һайн ажабайдалтай болоһоншье гүрэнүүд бии,H Us G ZH EH NG GJ I <SPACE> HH EE NG <SPACE> B EE D EH L T EE <SPACE> B O L EH HH EH NG SH J EH <SPACE> G Us R EH N UUs T <SPACE> BJ II,id_002_.06
46,2,жэшээлбэл хитад гүрэнэй ажабайдал һайжараа гэжэ тэмдэглэхээр,ZH E SH EE L B EH L <SPACE> HJ I T EH T <SPACE> G Us R EH N EE <SPACE> A ZH EH B EE D EH L <SPACE> HH EE ZH EH R AA <SPACE> G E ZH EH <SPACE> T E M D EH G L EH H EE R,id_002_.07
47,2,тэрэ гүрэнэй экономико хүгжэнги,T E R EH <SPACE> G Us R EH N EE <SPACE> E K O N O MJ I K EH <SPACE> H Us G ZH EH NG GJ I,id_002_.08
48,2,хүдөөгэй харгынуудынь асфальтаар хушагдаатай,H Us D OOs Gr EE <SPACE> H A R Gr Y N UUh D Y NG <SPACE> A S F A LJ T AA R <SPACE> H Uh SH EH G D EH N H EE,id_002_.09
49,2,харгын асуудал эндэ үгы болоһон гэжэ ойлгохоор,H A R Gr Y NG <SPACE> A S UUh D EH L <SPACE> E N D EH <SPACE> Us Gr Y <SPACE> B O L OOh <SPACE> G E ZH EH <SPACE> OE L Gr EH H OOh R,id_002_.10
50,2,гадна түбэдэй хада уулаар нэмжыһэн,G A D N EH <SPACE> T Us V EH D EE <SPACE> H A D EH <SPACE> UUh L AA R <SPACE> N E M ZH Y HH EH NG,id_002_.11
51,2,дасан дуганууд хүрэтэр харгы жэгдэ асфальтаар хушагданхай байгаа һэн,D A S EH NG <SPACE> D Uh Gr EH N UUh T <SPACE> H Us R EH T EH R <SPACE> H A R Gr Y <SPACE> ZH E G D EH <SPACE>  A S F A LJ T AA R <SPACE> H Uh SH EH G D EH N H EE <SPACE> B EE Gr AA <SPACE> HH EH NG,id_002_.12
52,2,мүнөө түбэд хитад гүрэнэй мэдэлдэ оронхой,M Us N OOs <SPACE> T Us V EH T <SPACE> HJ I T EH T <SPACE> G Us R EH N EE <SPACE> M E D EH L D EH <SPACE> O R EH N H EE,id_002_.13
53,2,эрхэ сүлөөгөө алдаһан түбэдүүд ёһо заншалаа,E R H EH <SPACE> S Us L OOs Gr OOs <SPACE> A L D EH HH EH NG <SPACE> T Us V EH D UUs T <SPACE> J O HH EH <SPACE> Z A N SH EH L AA,id_002_.14
54,2,үндэһэн хубсаһаяа хэлэеэ алдахагүй гэжэ горитойхон ажал ябуулна,Us N D EH HH EH NG <SPACE> H Uh P S EH HH EH J AA <SPACE> H E L EE J EE <SPACE> A L D EH H EH Gr UIs <SPACE> G E ZH EH <SPACE> G O RJ I T EE H EH NG <SPACE> A ZH EH L <SPACE> J A V UUh L N EH,id_002_.15
55,2,түбэд яһатанай нэгэнби гэжэ мэдэржэ байдаг хүн бүхэниинь,T Us V EH T <SPACE> J A HH EH T N EE <SPACE> N E Gr EH NG BJ I <SPACE> G E ZH EH <SPACE> M E D EH R ZH EH <SPACE> B EE D EH K <SPACE> H Us NG <SPACE> B Us H EH NJ II NJ,id_002_.16
56,2,үндэһэн хубсаһаяа үмдэхые оролдодог,Us N D EH HH EH NG <SPACE> H Uh P S EH HH EH J AA <SPACE> Us M D EH H Y J EH <SPACE> O R EH L D EH D EH K,id_002_.17
57,2,тэдэнэй үндэһэн хубсаһан хэдэн янзын байдаг,T E D EH N EE <SPACE> Us N D EH HH EH NG <SPACE> H Uh P S EH HH EH NG <SPACE> H E D EH NG <SPACE> J A N Z Y NG <SPACE> B EE D EH K,id_002_.18
58,2,түбэдэй хото городуудаар,T Us V EH D EE <SPACE> H O T EH <SPACE> G O R EH D Uh D AA R,id_002_.19
59,2,үндэһэн хубсаһа наймаалдаг наймаа дэлгүүрнүүд олон юм,Us N D EH HH EH NG <SPACE> H Uh P S EH HH EH <SPACE> N EE M AA L D EH K <SPACE> N EE M AA <SPACE> D E L Gr UUs R N UUs T <SPACE> O L EH NG <SPACE> J Uh M,id_002_.20
60,2,энэ мэтээр монголоор бодоходо баһал омогорхохоор,E N EH <SPACE> M E T EE R <SPACE> M O NG G EH L OOh R <SPACE> B O D EH H EH D EH <SPACE> B A HH EH L <SPACE> O M EH Gr EH R H EH H OOh R,id_002_.21
61,2,улаанбаатарай дэлгүүрнүүдтэ үндэһэн хубсаһа худалдадаг газарнууд олон байна,Uh L AA NG B AA T EH R EE <SPACE> D E L Gr UUs R N UUs T T EH <SPACE> Us N D EH HH EH NG <SPACE> H Uh P S EH HH EH <SPACE> H Uh D EH L D EH D EH K <SPACE> G A Z EH R UUh T <SPACE> O L EH NG <SPACE> B EE N EH,id_002_.22
62,2,энэдхэгтэшье ябахада индус яһатанай эхэнэрнүүд,E N EH T H EH K T EH SH J EH <SPACE> J A V EH H EH D EH <SPACE> I N D Uh S <SPACE> J A HH EH T N EE <SPACE> E H EH N EH R N UUs T,id_002_.23
63,2,баян үгытэйшье байг сари хубсаһаяа үмдэнхэй ябана һэн,B A J EH NG <SPACE> Us Gr Y T EE SH J EH <SPACE> B EE K <SPACE> S A RJ I <SPACE> H Uh P S EH HH EH J AA <SPACE> Us M D EH N H EE <SPACE> J A V EH N EH <SPACE> HH EH NG,id_002_.24
64,2,яһатан бүхэн өөр өөрын онсо хубсаһатай,J A HH EH T EH NG <SPACE> B Us H EH NG <SPACE> OOs R <SPACE> OOs R Y NG <SPACE> O N S EH <SPACE> H Uh P S EH HH EH T EE,id_002_.25
65,2,хубсаһаараа бэшэ арадһаа бидэ илгарнабди,H Uh P S EH HH AA R AA <SPACE> B E SH EH <SPACE> A R EH D HH AA <SPACE> BJ I D EH <SPACE> I L Gr EH R N EH B DJ I,id_002_.26
66,2,энэ болотор дамжан ерэһэн буряад хубсаһаяа ганса һайндэрнүүдтэ бэшэ,E N EH <SPACE> B O L EH T EH R <SPACE> D A M ZH EH NG <SPACE> J E R EH HH EH NG <SPACE> B Uh RJ AA T <SPACE> H Uh P S EH HH EH J AA <SPACE> G A N S EH <SPACE> HH EE NG D EH R N UUs T T EH <SPACE> B E SH EH,id_002_.27
67,2,харин юрын үдэрнүүдтэ үмдэхэдэ болохо гэжэ ойлгохонь шухала,H A RJ I NG <SPACE> J Uh R Y NG <SPACE> Us D EH R N UUs T T EH <SPACE> Us M D EH H EH D EH <SPACE> B O L EH H EH <SPACE> G E ZH EH <SPACE> OE L Gr EH H EH NJ <SPACE> SH Uh H EH L EH,id_002_.28
68,2,буряад маягта оруулагдаһан элдэб хубсаһануудые һанажа,B Uh RJ AA T <SPACE> M A J EH K T EH <SPACE> O R UUh L EH G D EH HH EH NG <SPACE> E L D EH P <SPACE> H Uh P S EH HH EH N UUh D Y J EH <SPACE> HH A N EH ZH EH,id_002_.29
69,2,олоор оёжо дэлгүүртэ худалдадаг болоо һаань гоёл байха һэн,O L OOh R <SPACE> O J EH ZH EH <SPACE> D E L Gr UUs R T EH <SPACE> H Uh D EH L D EH D EH K <SPACE> B O L OOh <SPACE> HH AA NJ <SPACE> G O J EH L <SPACE> B EE H EH <SPACE> HH EH NG,id_002_.30
70,2,жэшээлбэл би нэгэ тэрлигтэй болоод тэрэнээ үмдэхэ газараа олодоггүйб,ZH E SH EE L V EH L <SPACE> BJ I <SPACE> N E Gr EH <SPACE> T E R LJ I K T EE <SPACE> B O L OOh T <SPACE> T E R EH N EE <SPACE> Us M D EH H EH <SPACE> G A Z EH R <SPACE> O L D EH G G UIs P,id_002_.31
71,2,тэрлигээ ханза соогоо таһа даранхай хэдэн жэлээр байлгадагби,T E R LJ I Gr EE <SPACE> H A N Z EH <SPACE> S OOh Gr OOh <SPACE> T A HH EH <SPACE> D A R EH N H EE <SPACE> H E D EH NG <SPACE> ZH E L EE R <SPACE> B EE L Gr EH D EH G BJ I,id_002_.32
72,2,энэ буруул даа,E N EH <SPACE> B Uh R UUh L <SPACE> D AA,id_002_.33
73,2,шэнэхээнһээ ерэһэн айлшадые адаглахада,SH E N EH H EE N HH EE <SPACE> J E R EH HH EH NG <SPACE> EE L SH EH D Y J EH <SPACE> A D EH G L EH H EH D EH,id_002_.34
74,2,тэдэ энгэртэй буряад хубсаһаяа хаанашье үмдөөд ябадаг,T E D EH <SPACE> E NG G EH R T EE <SPACE> B Uh RJ AA T <SPACE> H Uh P S EH HH EH J AA <SPACE> H AA N EH SH J EH <SPACE> Us M D OOs T <SPACE> J A V EH D EH K,id_002_.35
75,2,эдэ досооһоо буряадайнгаа шэнжэ алдаагүй зон болоно,E D EH <SPACE> D O S OOh Gr OOh <SPACE> B Uh RJ AA D EE NG G AA <SPACE> SH E N ZH EH <SPACE> A L D AA Gr UIs <SPACE> Z O NG <SPACE> B O L EH N EH,id_002_.36
76,2,энээн тухай хүн бүхэн бодомжолжо,E N EE NG <SPACE> T Uh H EE <SPACE> H Us NG <SPACE> B Us H EH NG <SPACE> B O D EH M ZH EH L ZH EH,id_002_.37
77,2,хубсаһаяа үмдөөгүй һаамнай,H Uh P S EH HH EH J AA <SPACE> Us M D OOs Gr UIs <SPACE> HH AA M N EE,id_002_.38
78,2,үндэһэн заншалнай хэндэшье хэрэггүй болохол,Us N D EH HH EH NG <SPACE> Z A N SH EH L N EE <SPACE> H E N D EH SH J EH <SPACE> H E R EH G G UIs <SPACE> B O L EH H EH L,id_002_.39
79,3,буряад хубсаһан арадай шэнжэ,B Uh RJ AA T <SPACE> H Uh P S EH HH EH NG <SPACE> A R EH D EE <SPACE> SH E N ZH EH,id_003_.01
80,3,орон нютагуудаар хүн аяншалхадаа,O R EH NG <SPACE> NJ Uh T EH Gr UUh D AA R <SPACE> H Us NG <SPACE> A J EH N SH EH L H EH D EH,id_003_.02
81,3,өөртөө ехэ юумэ мэдэжэ абахаһаа гадна сэдьхэлээрээ хүгжэдэг,OOs R T EH <SPACE> J E H EH <SPACE> J UUh M EH <SPACE> M E D EH ZH EH <SPACE> A B EH H EH HH AA <SPACE> G A D N EH <SPACE> S E TJ H EH L EE R EE <SPACE> H Us G ZH EH D EH K,id_003_.03
82,3,гүрэн бүхэндэ зоной ажабайдал элдэбын,G Us R EH NG <SPACE> B Us H EH N D O <SPACE> Z O N EE <SPACE> A ZH EH B EE D EH L <SPACE> E L D EH V Y NG,id_003_.04
83,3,гүрэнэй өөрын шиидхээгүй асуудалнуудшье байха,G Us R EH N EE <SPACE> OOs R Y NG <SPACE> SH Y T H EE Gr UIs <SPACE> A S UUh D EH L N UUh T SH J EH <SPACE> B EE H EH,id_003_.05
84,3,хүгжэнги һайн ажабайдалтай болоһоншье гүрэнүүд бии,H Us G ZH EH NG GJ I <SPACE> HH EE NG <SPACE> A ZH EH B EE D EH L T EE <SPACE> B O L EH HH EH N SH J EH <SPACE> G Us R EH N UUs T <SPACE> BJ II,id_003_.06
85,3,жэшээлбэл хитад гүрэнэй ажабайдал һайжараа гэжэ тэмдэглэхээр,ZH E SH EE L B EH L <SPACE> HJ I T EH T <SPACE> G Us R EH N EE <SPACE> A ZH EH B EE D EH L <SPACE> HH EE ZH EH R AA <SPACE> G E ZH EH <SPACE> T E M D EH G L EH H EE R,id_003_.07
86,3,тэрэ гүрэнэй экономико хүгжэнги,T E R EH <SPACE> G Us R EH N EE <SPACE> E K O N O MJ I K EH <SPACE> H Us G ZH EH NG GJ I,id_003_.08
87,3,хүдөөгэй харгынуудынь асфальтаар хушагдаатай,H Us D OOs Gr EE <SPACE> H A R Gr Y N UUh D Y NJ <SPACE> A S F A LJ T AA R <SPACE> H Uh SH EH G D AA T EE,id_003_.09
88,3,харгын асуудал эндэ үгы болоһон гэжэ ойлгохоор,H A R Gr Y NG <SPACE> A S UUh D EH L <SPACE> E N D EH <SPACE> Us Gr Y <SPACE> B O L EH HH EH NG <SPACE> G E ZH EH <SPACE> E L Gr EH H OOh R,id_003_.10
89,3,гадна түбэдэй хада уулаар нэмжыһэн,G A D N EH <SPACE> T Us V EH D EE <SPACE> H A D EH <SPACE> UUh L AA R <SPACE> N E M ZH EH HH EH NG,id_003_.11
90,3,дасан дуганууд хүрэтэр харгы жэгдэ асфальтаар хушагданхай байгаа һэн,D A S EH NG <SPACE> D Uh Gr AA N UUh T <SPACE> ZH E G D EH <SPACE>  A S F A LJ T AA R <SPACE> H Uh SH EH G D EH N H EE <SPACE> B EE Gr AA <SPACE> HH EH NG,id_003_.12
91,3,мүнөө түбэд хитад гүрэнэй мэдэлдэ оронхой,M Us N OOs <SPACE> T Us V EH T <SPACE> HJ I T EH T <SPACE> G Us R EH N EE <SPACE> M E D EH L D EH <SPACE> O R EH N H EE,id_003_.13
92,3,эрхэ сүлөөгөө алдаһан түбэдүүд ёһо заншалаа,E R H EH <SPACE> S Us L OOs Gr OOs <SPACE> A L D EH HH EH NG <SPACE> T Us V EH D UUs T <SPACE> J O HH EH <SPACE> Z A N SH EH L AA,id_003_.14
93,3,үндэһэн хубсаһаяа хэлэеэ алдахагүй гэжэ горитойхон ажал ябуулна,Us N D EH HH EH NG <SPACE> H Uh P S EH HH EH J AA <SPACE> H E L EE J EE <SPACE> A L D EH H EH Gr UIs <SPACE> G E ZH EH <SPACE> G O RJ I T EE H EH NG <SPACE> A ZH EH L <SPACE> J A V UUh L N EH,id_003_.15
94,3,түбэд яһатанай нэгэнби гэжэ мэдэржэ байдаг хүн бүхэниинь,T Us V EH T <SPACE> J A HH EH T EH N EE <SPACE> N E Gr EH NG BJ I <SPACE> G E ZH EH <SPACE> M E D EH R ZH EH <SPACE> B EE D EH K <SPACE> H Us NG <SPACE> B Us H EH NJ II NJ,id_003_.16
95,3,үндэһэн хубсаһаяа үмдэхые оролдодог,Us N D EH HH EH NG <SPACE> H Uh P S EH HH EH J AA <SPACE> Us M D EH H Y J EH <SPACE> O R EH L D EH D EH K,id_003_.17
96,3,тэдэнэй үндэһэн хубсаһан хэдэн янзын байдаг,T E D EH N EE <SPACE> Us N D EH HH EH NG <SPACE> H Uh P S EH HH EH NG <SPACE> H E D EH NG <SPACE> J A N Z Y NG <SPACE> B EE D EH K,id_003_.18
97,3,түбэдэй хото городуудаар,T Us V EH N EE <SPACE> G O R EH D UUh D AA R,id_003_.19
98,3,үндэһэн хубсаһа наймаалдаг наймаа дэлгүүрнүүд олон юм,Us N D EH HH EH NG <SPACE> H Uh P S EH HH AA <SPACE> N EE M AA L D EH K <SPACE> N EE M AA <SPACE> D E L Gr UUs R N UUs T <SPACE> O L EH NG <SPACE> J Uh M,id_003_.20
99,3,энэ мэтээр монголоор бодоходо баһал омогорхохоор,E N EH <SPACE> M E T EE R <SPACE> M O NG G EH L OOh R <SPACE> B O D EH H EH D EH <SPACE> B A HH EH L <SPACE> O M EH Gr EH R H EH H OOh R,id_003_.21
100,3,улаанбаатарай дэлгүүрнүүдтэ үндэһэн хубсаһа худалдадаг газарнууд олон байна,Uh L AA NG B AA T EH R EE <SPACE> D E L Gr UUs R N UUs T T EH <SPACE> Us N D EH HH EH NG <SPACE> H Uh P S EH HH EH <SPACE> H Uh D EH L D EH K <SPACE> G A Z EH R N UUh T <SPACE> O L EH NG <SPACE> B EE N EH,id_003_.22
101,3,энэдхэгтэшье ябахада индус яһатанай эхэнэрнүүд,E N EH T H EH K T EH SH J EH <SPACE> J A V EH H EH D AA <SPACE> I N D Uh S <SPACE> J A HH EH T EH N EE <SPACE> E H EH N EH R N UUs T,id_003_.23
102,3,баян үгытэйшье байг сари хубсаһаяа үмдэнхэй ябана һэн,B A J EH NG <SPACE> Us Gr Y T EH SH J EH <SPACE> B EE K <SPACE> S A RJ I <SPACE> H Uh P S EH HH EH J AA <SPACE> Us M D EH N H EE <SPACE> J A V EH N EH <SPACE> HH EH NG,id_003_.24
103,3,яһатан бүхэн өөр өөрын онсо хубсаһатай,J A HH EH T EH NG <SPACE> B Us H EH NG <SPACE> OOs R <SPACE> OOs R Y NG <SPACE> O N S EH <SPACE> H Uh P S EH HH EH T EE,id_003_.25
104,3,хубсаһаараа бэшэ арадһаа бидэ илгарнабди,H Uh P S EH HH A R AA <SPACE> B E SH EH <SPACE> A R EH D HH AA <SPACE> BJ I D EH <SPACE> I L Gr EH R N EH B DJ I,id_003_.26
105,3,энэ болотор дамжан ерэһэн буряад хубсаһаяа ганса һайндэрнүүдтэ бэшэ,E N EH <SPACE> B O L EH T EH R <SPACE> D A M ZH EH NG <SPACE> J E R EH HH EH NG <SPACE> B Uh RJ AA T <SPACE> H Uh P S EH HH EH J AA <SPACE> G A N S EH <SPACE> HH EE N D EH R N UUs T T EH <SPACE> B E SH EH,id_003_.27
106,3,харин юрын үдэрнүүдтэ үмдэхэдэ болохо гэжэ ойлгохонь шухала,H A RJ I NG <SPACE> J Uh R Y NG <SPACE> Us D EH R N UUs T T EH <SPACE> Us M D EH H EH D EH <SPACE> B O L EH H EH <SPACE> G E ZH EH <SPACE> OE L Gr EH H EH NJ <SPACE> SH Uh H EH L A,id_003_.28
107,3,буряад маягта оруулагдаһан элдэб хубсаһануудые һанажа,B Uh RJ AA T <SPACE> M A J EH K T A <SPACE> O R UUh L EH G D EH HH EH NG <SPACE> E L D EH P <SPACE> H Uh P S EH HH EH N UUh D Y J EH <SPACE> HH A N EH ZH EH,id_003_.29
108,3,олоор оёжо дэлгүүртэ худалдадаг болоо һаань гоёл байха һэн,O L OOh R <SPACE> O J EH ZH EH <SPACE> D E L Gr UUs R T EH <SPACE> H Uh D EH L D EH K <SPACE> B O L OOh <SPACE> HH AA NJ <SPACE> G O J EH L <SPACE> B EE H EH <SPACE> HH EH NG,id_003_.30
109,3,жэшээлбэл би нэгэ тэрлигтэй болоод тэрэнээ үмдэхэ газараа олодоггүйб,ZH E SH EE L V EH L <SPACE> BJ I <SPACE> N E Gr EH <SPACE> T E R LJ I K T EE <SPACE> B O L OOh T <SPACE> T E R EH N EE <SPACE> Us M D EH H EH <SPACE> G A Z EH R AA <SPACE> O L EH D O G UIs P,id_003_.31
110,3,тэрлигээ ханза соогоо таһа даранхай хэдэн жэлээр байлгадагби,T E R LJ I Gr EE <SPACE> H A N Z EH <SPACE> S OOh Gr OOh <SPACE> T A HH EH <SPACE> D A R EH NG H EE <SPACE> H E D EH NG <SPACE> ZH E L EE R <SPACE> B EE L Gr EH D EH G BJ I,id_003_.32
111,3,энэ буруул даа,E N EH <SPACE> B Uh R UUh L <SPACE> D AA,id_003_.33
112,3,шэнэхээнһээ ерэһэн айлшадые адаглахада,SH E N EH H EE N HH EE <SPACE> J E R EH HH EH NG <SPACE> EE L SH EH D Y J EH <SPACE> A D EH G L EH H EH D EH,id_003_.34
113,3,тэдэ энгэртэй буряад хубсаһаяа хаанашье үмдөөд ябадаг,T E D EH <SPACE> E Gr EH N EH R T EE <SPACE> B Uh RJ AA T <SPACE> H Uh P S EH HH EH J AA <SPACE> H AA N EH SH J EH <SPACE> Us M D OOs T <SPACE> J A V EH D EH K,id_003_.35
114,3,эдэ досооһоо буряадайнгаа шэнжэ алдаагүй зон болоно,E D EH <SPACE> D O S OOh HH OOh <SPACE> B Uh RJ AA D EE NG G AA <SPACE> SH E N ZH EH <SPACE> A L D AA Gr UIs <SPACE> Z O NG <SPACE> B O L EH N EH,id_003_.36
115,3,энээн тухай хүн бүхэн бодомжолжо,E N EE NG <SPACE> T Uh H EE <SPACE> H Us NG <SPACE> B Us H EH NG <SPACE> B O D EH M ZH EH L ZH EH,id_003_.37
116,3,хубсаһаяа үмдөөгүй һаамнай,H Uh P S EH HH EH J AA <SPACE> Us M D OOs Gr UIs <SPACE> HH AA M N EE,id_003_.38
117,3,үндэһэн заншалнай хэндэшье хэрэггүй болохол,Us N D EH HH EH NG <SPACE> Z A N SH EH L N EE <SPACE> H E N D EH SH J EH <SPACE> H E R EH G G UIs <SPACE> B O L EH H EH L,id_003_.39
118,4,буряад хубсаһан арадай шэнжэ,B Uh RJ AA T <SPACE> H Uh P S EH HH EH NG <SPACE> A R EH D EE <SPACE> SH E N ZH EH,id_004_.01
119,4,орон нютагуудаар хүн аяншалхадаа,O R EH NG <SPACE> NJ Uh T EH Gr UUh D AA R <SPACE> H Us NG <SPACE> A J EH N SH EH L H EH D AA,id_004_.02
120,4,өөртөө ехэ юумэ мэдэжэ абахаһаа гадна сэдьхэлээрээ хүгжэдэг,OOs R T OOs <SPACE> J E H EH <SPACE> J UUh M EH <SPACE> M E D EH ZH EH <SPACE> A V EH H EH HH AA <SPACE> G A D N EH <SPACE> S E TJ H EH L EE R EE <SPACE> H Us G ZH EH D EH K,id_004_.03
121,4,гүрэн бүхэндэ зоной ажабайдал элдэбын,G Us R EH NG <SPACE> B Us H EH N D EH <SPACE> Z O N EE <SPACE> A ZH EH B EE D EH L <SPACE> E L D EH V Y NG,id_004_.04
122,4,гүрэнэй өөрын шиидхээгүй асуудалнуудшье байха,G Us R EH N EE <SPACE> OOs R Y NG <SPACE> SH Y T H EE Gr UIs <SPACE> A S UUh D EH L N UUh T SH J EH <SPACE> B EE H EH,id_004_.05
123,4,хүгжэнги һайн ажабайдалтай болоһоншье гүрэнүүд бии,H Us G ZH EH NG GJ I <SPACE> HH EE NG <SPACE> B EE D EH L T EE <SPACE> B O L EH HH EH NG SH J EH <SPACE> G Us R EH N UUs T <SPACE> BJ II,id_004_.06
124,4,жэшээлбэл хитад гүрэнэй ажабайдал һайжараа гэжэ тэмдэглэхээр,ZH E SH EE V EH L <SPACE> HJ I T EH T <SPACE> G Us R EH N EE <SPACE> A ZH EH B EE D EH L <SPACE> HH EE ZH EH R AA <SPACE> G E ZH EH <SPACE> T E M D EH G L EH H EE R,id_004_.07
125,4,тэрэ гүрэнэй экономико хүгжэнги,T E R EH <SPACE> G Us R EH N EE <SPACE> E K O N O MJ I K EH <SPACE> H Us G ZH EH NG GJ I,id_004_.08
126,4,хүдөөгэй харгынуудынь асфальтаар хушагдаатай,H Us D OOs Gr EE <SPACE> H A R Gr Y N UUh D Y NJ <SPACE> A S F A LJ T AA R <SPACE> H Uh SH EH G D AA T EE,id_004_.09
127,4,харгын асуудал эндэ үгы болоһон гэжэ ойлгохоор,H A R Gr Y NG <SPACE> A S UUh D EH L <SPACE> E N D EH <SPACE> Us Gr Y <SPACE> B O L EH HH EH NG <SPACE> G E ZH EH <SPACE> OE L Gr EH H OOh R,id_004_.10
128,4,гадна түбэдэй хада уулаар нэмжыһэн,G A D N EH <SPACE> T Us V EH D EE <SPACE> H A D EH <SPACE> UUh L AA R <SPACE> N E M ZH Y HH EH NG,id_004_.11
129,4,дасан дуганууд хүрэтэр харгы жэгдэ асфальтаар хушагданхай байгаа һэн,D A S EH NG <SPACE> D Uh Gr EH N UUh T <SPACE> H Us R EH T EH R <SPACE> H A R Gr Y <SPACE> ZH E G D EH <SPACE>  A S F A LJ T AA R <SPACE> H Uh SH EH G D EH N H EE <SPACE> B EE Gr AA <SPACE> HH EH NG,id_004_.12
130,4,мүнөө түбэд хитад гүрэнэй мэдэлдэ оронхой,M Us N OOs <SPACE> T Us V EH T <SPACE> HJ I T EH T <SPACE> G Us R EH N EE <SPACE> M E D EH L D EH <SPACE> O R EH N H EE,id_004_.13
131,4,эрхэ сүлөөгөө алдаһан түбэдүүд ёһо заншалаа,E R H EH <SPACE> S Us L OOs Gr OOs <SPACE> A L D EH HH EH NG <SPACE> T Us V EH D UUs T <SPACE> J O HH EH <SPACE> Z A N SH EH L AA,id_004_.14
132,4,үндэһэн хубсаһаяа хэлэеэ алдахагүй гэжэ горитойхон ажал ябуулна,Us N D EH HH EH NG <SPACE> H Uh P S EH HH EH J AA <SPACE> H E L EE J EE <SPACE> A L D EH H EH Gr UIs <SPACE> G E ZH EH <SPACE> G O RJ I T EE H EH NG <SPACE> A ZH EH L <SPACE> J A V UUh L N EH,id_004_.15
133,4,түбэд яһатанай нэгэнби гэжэ мэдэржэ байдаг хүн бүхэниинь,T Us V EH T <SPACE> J A HH EH T EH N EE <SPACE> N E Gr EH NG BJ I <SPACE> G E ZH EH <SPACE> M E D EH R ZH EH <SPACE> B EE D EH K <SPACE> H Us NG <SPACE> B Us H EH NJ II NJ,id_004_.16
134,4,үндэһэн хубсаһаяа үмдэхые оролдодог,Us N D EH HH EH NG <SPACE> H Uh P S EH HH EH J AA <SPACE> Us M D EH H Y J EH <SPACE> O R EH L D EH D EH K,id_004_.17
135,4,тэдэнэй үндэһэн хубсаһан хэдэн янзын байдаг,T E D EH N EE <SPACE> Us N D EH HH EH NG <SPACE> H Uh P S EH HH EH NG <SPACE> H E D EH NG <SPACE> J A N Z Y NG <SPACE> B EE D EH K,id_004_.18
136,4,түбэдэй хото городуудаар,T Us V EH D EE <SPACE> H O T EH <SPACE> G O R EH D UUh D AA R,id_004_.19
137,4,үндэһэн хубсаһа наймаалдаг наймаа дэлгүүрнүүд олон юм,Us N D EH HH EH NG <SPACE> H Uh P S EH HH EH <SPACE> N EE M AA L D EH K <SPACE> N EE M AA <SPACE> D E L Gr UUs R N UUs T <SPACE> O L EH NG <SPACE> J Uh M,id_004_.20
138,4,энэ мэтээр монголоор бодоходо баһал омогорхохоор,E N EH <SPACE> M E T EE R <SPACE> M O NG G EH L OOh R <SPACE> B O D EH H EH D EH <SPACE> B A HH EH L <SPACE> O M EH Gr EH R H EH H OOh R,id_004_.21
139,4,улаанбаатарай дэлгүүрнүүдтэ үндэһэн хубсаһа худалдадаг газарнууд олон байна,Uh L AA NG B AA T EH R EE <SPACE> D E L Gr UUs R N UUs T T EH <SPACE> Us N D EH HH EH NG <SPACE> H Uh P S EH HH EH <SPACE> H Uh D EH L D EH D EH K <SPACE> G A Z EH R N UUh T <SPACE> O L EH NG <SPACE> B EE N EH,id_004_.22
140,4,энэдхэгтэшье ябахада индус яһатанай эхэнэрнүүд,E N EH T H EH K T EH SH J EH <SPACE> J A V EH H EH D EH <SPACE> I N D Uh S <SPACE> J A HH EH T N EE <SPACE> E H EH N EH R N UUs T,id_004_.23
141,4,баян үгытэйшье байг сари хубсаһаяа үмдэнхэй ябана һэн,B A J A NG <SPACE> Us Gr Y T EE SH J EH <SPACE> B EE K <SPACE> S A RJ I <SPACE> H Uh P S EH HH EH J AA <SPACE> Us M D EH N H EE <SPACE> J A V EH N EH <SPACE> HH EH NG,id_004_.24
142,4,яһатан бүхэн өөр өөрын онсо хубсаһатай,J A HH EH T EH NG <SPACE> B Us H EH NG <SPACE> OOs R <SPACE> OOs R Y NG <SPACE> O N S EH <SPACE> H Uh P S EH HH EH T EE,id_004_.25
143,4,хубсаһаараа бэшэ арадһаа бидэ илгарнабди,H Uh P S EH HH AA R AA <SPACE> B E SH EH <SPACE> A R EH D HH AA <SPACE> BJ I D EH <SPACE> I L Gr EH R N EH B DJ I,id_004_.26
144,4,энэ болотор дамжан ерэһэн буряад хубсаһаяа ганса һайндэрнүүдтэ бэшэ,E N EH <SPACE> B O L EH T EH R <SPACE> D A M ZH EH NG <SPACE> J E R EH HH EH NG <SPACE> B Uh RJ AA T <SPACE> H Uh P S EH HH EH J AA <SPACE> G A N S EH <SPACE> HH EE N D EH R N UUs T T EH <SPACE> B E SH EH,id_004_.27
145,4,харин юрын үдэрнүүдтэ үмдэхэдэ болохо гэжэ ойлгохонь шухала,H A RJ I NG <SPACE> J Uh R Y NG <SPACE> Us D EH R N UUs T T EH <SPACE> Us M D EH H EH D EH <SPACE> B O L EH H EH <SPACE> G E ZH EH <SPACE> OE L Gr EH H EH NJ <SPACE> SH Uh H EH L EH,id_004_.28
146,4,буряад маягта оруулагдаһан элдэб хубсаһануудые һанажа,B Uh RJ AA T <SPACE> M A J EH K T EH <SPACE> O R UUh L EH G D EH HH EH NG <SPACE> E L D EH P <SPACE> H Uh P S EH HH EH N UUh D Y J EH <SPACE> HH A N EH ZH EH,id_004_.29
147,4,олоор оёжо дэлгүүртэ худалдадаг болоо һаань гоёл байха һэн,O L OOh R <SPACE> O J EH ZH EH <SPACE> D E L Gr UUs R T EH <SPACE> H Uh D EH L D EH D EH K <SPACE> B O L OOh <SPACE> HH AA NJ <SPACE> G O J EH L <SPACE> B EE H EH <SPACE> HH EH NG,id_004_.30
148,4,жэшээлбэл би нэгэ тэрлигтэй болоод тэрэнээ үмдэхэ газараа олодоггүйб,ZH E SH EE V EH L <SPACE> BJ I <SPACE> N E Gr EH <SPACE> T E R LJ I K T EE <SPACE> B O L OOh T <SPACE> T E R EH N EE <SPACE> Us M D EH H EH <SPACE> G A Z EH R AA <SPACE> O L EH D EH G G UIs VJ I,id_004_.31
149,4,тэрлигээ ханза соогоо таһа даранхай хэдэн жэлээр байлгадагби,T E R LJ I Gr EE <SPACE> H A N Z EH <SPACE> S OOh Gr OOh <SPACE> T A HH EH <SPACE> D A R EH N H EE <SPACE> H E D EH NG <SPACE> ZH E L EE R <SPACE> B EE L Gr EH D EH G BJ I,id_004_.32
150,4,энэ буруул даа,E N EH <SPACE> B Uh R UUh L <SPACE> D AA,id_004_.33
151,4,шэнэхээнһээ ерэһэн айлшадые адаглахада,SH E N EH H EE N HH EE <SPACE> J E R EH HH EH NG <SPACE> EE L SH EH D Y J EH <SPACE> A D EH G L EH H EH D EH,id_004_.34
152,4,тэдэ энгэртэй буряад хубсаһаяа хаанашье үмдөөд ябадаг,T E D EH <SPACE> E NG G EH R T EE <SPACE> B Uh RJ AA T <SPACE> H Uh P S EH HH EH J AA <SPACE> H AA N EH SH J EH <SPACE> Us M D OOs T <SPACE> J A V EH D EH K,id_004_.35
153,4,эдэ досооһоо буряадайнгаа шэнжэ алдаагүй зон болоно,E D EH <SPACE> D O S OOh HH OOh <SPACE> B Uh RJ AA D EE NG G AA <SPACE> SH E N ZH EH <SPACE> A L D AA Gr UIs <SPACE> Z O NG <SPACE> B O L EH N EH,id_004_.36
154,4,энээн тухай хүн бүхэн бодомжолжо,E N EE NG <SPACE> T Uh H EE <SPACE> H Us NG <SPACE> B Us H EH NG <SPACE> B O D EH M ZH EH L ZH EH,id_004_.37
155,4,хубсаһаяа үмдөөгүй һаамнай,H Uh P S EH HH EH J AA <SPACE> Us M D OOs Gr UIs <SPACE> HH AA M N EE,id_004_.38
156,4,үндэһэн заншалнай хэндэшье хэрэггүй болохол,Us N D EH HH EH NG <SPACE> Z A N SH EH L N EE <SPACE> H E N D EH SH J EH <SPACE> H E R EH G G UIs <SPACE> B O L EH H EH L,id_004_.39
157,5,буряад хубсаһан арадай шэнжэ,B Uh RJ AA T <SPACE> H Uh P S EH HH EH NG <SPACE> A R EH D EE <SPACE> SH E N ZH EH,id_005_.01
158,5,орон нютагуудаар хүн аяншалхадаа,O R EH NG <SPACE> NJ Uh T EH Gr UUh D AA R <SPACE> H Us NG <SPACE> A J EH N SH EH L H EH D AA,id_005_.02
159,5,өөртөө ехэ юумэ мэдэжэ абахаһаа гадна сэдьхэлээрээ хүгжэдэг,OOs R T OOs <SPACE> J E H EH <SPACE> J UUh M EH <SPACE> M E D EH ZH EH <SPACE> A V EH H EH HH AA <SPACE> G A D N EH <SPACE> S E TJ H EH L EE R EE <SPACE> H Us G ZH EH D EH K,id_005_.03
160,5,гүрэн бүхэндэ зоной ажабайдал элдэбын,G Us R EH NG <SPACE> B Us H EH N D EH <SPACE> Z O N EE <SPACE> A ZH EH B EE D EH L <SPACE> E L D EH V Y NG,id_005_.04
161,5,гүрэнэй өөрын шиидхээгүй асуудалнуудшье байха,G Us R EH N EE <SPACE> OOs R Y NG <SPACE> SH Y T H EE G D E Gr UIs <SPACE> A S UUh D EH L N UUh T SH J EH <SPACE> B EE H EH,id_005_.05
162,5,хүгжэнги һайн ажабайдалтай болоһоншье гүрэнүүд бии,H Us G ZH EH NG GJ I <SPACE> HH EE NG <SPACE> A ZH EH B EE D EH L T EE <SPACE> B O L EH HH EH NG SH J EH <SPACE> G Us R EH N UUs T <SPACE> BJ II,id_005_.06
163,5,жэшээлбэл хитад гүрэнэй ажабайдал һайжараа гэжэ тэмдэглэхээр,ZH E SH EE L B EH L <SPACE> HJ I T EH T <SPACE> G Us R EH N EE <SPACE> A ZH EH B EE D EH L <SPACE> HH EE ZH EH R AA <SPACE> G E ZH EH <SPACE> T E M D EH G L EH H EE R,id_005_.07
164,5,тэрэ гүрэнэй экономико хүгжэнги,T E R EH <SPACE> G Us R EH N EE <SPACE> E K O N O MJ I K EH <SPACE> H Us G ZH EH NG GJ I,id_005_.08
165,5,хүдөөгэй харгынуудынь асфальтаар хушагдаатай,H Us D OOs Gr EE <SPACE> H A R Gr Y N UUh D Y NG <SPACE> A S F A LJ T AA R <SPACE> H Uh SH EH G D AA T EE,id_005_.09
166,5,харгын асуудал эндэ үгы болоһон гэжэ ойлгохоор,H A R Gr Y NG <SPACE> A S UUh D EH L <SPACE> E N D EH <SPACE> Us Gr Y <SPACE> B O L EH HH EH NG <SPACE> G E ZH EH <SPACE> OE L Gr EH H OOh R,id_005_.10
167,5,гадна түбэдэй хада уулаар нэмжыһэн,G A D N EH <SPACE> T Us V EH D EE <SPACE> H A D EH <SPACE> UUh L AA R <SPACE> N E M ZH Y HH EH NG,id_005_.11
168,5,дасан дуганууд хүрэтэр харгы жэгдэ асфальтаар хушагданхай байгаа һэн,D A S EH NG <SPACE> D Uh Gr EH N UUh T <SPACE> H Us R EH T EH R <SPACE> H A R Gr Y <SPACE> ZH E G D EH <SPACE>  A S F A LJ T AA R <SPACE> H Uh SH EH G D EH N H EE <SPACE> B EE Gr AA <SPACE> HH EH NG,id_005_.12
169,5,мүнөө түбэд хитад гүрэнэй мэдэлдэ оронхой,M Us N OOs <SPACE> T Us V EH T <SPACE> HJ I T EH T <SPACE> G Us R EH N EE <SPACE> M E D EH L D EH <SPACE> O R EH N H EE,id_005_.13
170,5,эрхэ сүлөөгөө алдаһан түбэдүүд ёһо заншалаа,E R H EH <SPACE> S Us L OOs Gr OOs <SPACE> A L D EH HH EH NG <SPACE> T Us V EH D UUs T <SPACE> J O HH EH <SPACE> Z A N SH EH L AA,id_005_.14
171,5,үндэһэн хубсаһаяа хэлэеэ алдахагүй гэжэ горитойхон ажал ябуулна,Us N D EH HH EH NG <SPACE> H Uh P S EH HH EH J AA <SPACE> H E L EE J EE <SPACE> A L D EH H EH Gr UIs <SPACE> G E ZH EH <SPACE> G O RJ I T EE H EH NG <SPACE> A ZH EH L <SPACE> J A V UUh L N EH,id_005_.15
172,5,түбэд яһатанай нэгэнби гэжэ мэдэржэ байдаг хүн бүхэниинь,T Us V EH T <SPACE> J A HH EH T EH N EE <SPACE> N E Gr EH NG BJ I <SPACE> G E ZH EH <SPACE> M E D EH R ZH EH <SPACE> B EE HH E NG <SPACE> H Us NG <SPACE> B Us H EH NJ II NJ,id_005_.16
173,5,үндэһэн хубсаһаяа үмдэхые оролдодог,Us N D EH HH EH NG <SPACE> H Uh P S EH HH EH J AA <SPACE> Us M D EH H Y J EH <SPACE> O R EH L D EH D EH K,id_005_.17
174,5,тэдэнэй үндэһэн хубсаһан хэдэн янзын байдаг,T E D EH N EE <SPACE> Us N D EH HH EH NG <SPACE> H Uh P S EH HH EH NG <SPACE> H E D EH NG <SPACE> J A N Z Y NG <SPACE> B EE D EH K,id_005_.18
175,5,түбэдэй хото городуудаар,T Us V EH D EE <SPACE> H O T EH <SPACE> G O R EH D UUh D AA R,id_005_.19
176,5,үндэһэн хубсаһа наймаалдаг наймаа дэлгүүрнүүд олон юм,Us N D EH HH EH NG <SPACE> H Uh P S EH HH EH <SPACE> N EE M AA L D EH K <SPACE> N EE M AA <SPACE> D E L Gr UUs R N UUs T <SPACE> O L EH NG <SPACE> J Uh M,id_005_.20
177,5,энэ мэтээр монголоор бодоходо баһал омогорхохоор,E N EH <SPACE> M E T EE R <SPACE> M O NG G EH L OOh R <SPACE> B O D EH H EH D EH <SPACE> B A HH EH L <SPACE> O M EH Gr EH R H EH H OOh R,id_005_.21
178,5,улаанбаатарай дэлгүүрнүүдтэ үндэһэн хубсаһа худалдадаг газарнууд олон байна,Uh L AA NG B AA T EH R EE <SPACE> D E L Gr UUs R N UUs T T EH <SPACE> Us N D EH HH EH NG <SPACE> H Uh P S EH HH EH <SPACE> H Uh D EH L D EH D EH K <SPACE> G A Z EH R N UUh T <SPACE> O L EH NG <SPACE> B EE N EH,id_005_.22
179,5,энэдхэгтэшье ябахада индус яһатанай эхэнэрнүүд,E N EH T H EH K T EH SH J EH <SPACE> J A V EH H EH D EH <SPACE> I N D Uh S <SPACE> J A HH EH T EH N EE <SPACE> E H EH N EH R N UUs T,id_005_.23
180,5,баян үгытэйшье байг сари хубсаһаяа үмдэнхэй ябана һэн,B A J EH NG <SPACE> Us Gr Y T EE SH J EH <SPACE> B EE K <SPACE> S A RJ I <SPACE> H Uh P S EH HH EH J AA <SPACE> Us M D EH N H EE <SPACE> J A V EH N EH <SPACE> HH EH NG,id_005_.24
181,5,яһатан бүхэн өөр өөрын онсо хубсаһатай,J A HH EH T EH NG <SPACE> B Us H EH NG <SPACE> OOs R <SPACE> OOs R Y NG <SPACE> O N S EH <SPACE> H Uh P S EH HH EH T EE,id_005_.25
182,5,хубсаһаараа бэшэ арадһаа бидэ илгарнабди,H Uh P S EH HH AA R AA <SPACE> B E SH EH <SPACE> A R EH D HH AA <SPACE> BJ I D EH <SPACE> I L Gr EH R N EH B DJ I,id_005_.26
183,5,энэ болотор дамжан ерэһэн буряад хубсаһаяа ганса һайндэрнүүдтэ бэшэ,E N EH <SPACE> B O L EH T EH R <SPACE> D A M ZH EH NG <SPACE> J E R EH HH EH NG <SPACE> B Uh RJ AA T <SPACE> H Uh P S EH HH EH J AA <SPACE> G A N S EH <SPACE> HH EE N D EH R N UUs T T EH <SPACE> B E SH EH,id_005_.27
184,5,харин юрын үдэрнүүдтэ үмдэхэдэ болохо гэжэ ойлгохонь шухала,H A RJ I NG <SPACE> J Uh R Y NG <SPACE> Us D EH R N UUs T T EH <SPACE> Us M D EH H EH D EH <SPACE> B O L EH H EH <SPACE> G E ZH EH <SPACE> OE L Gr EH H EH NJ <SPACE> SH Uh H EH L EH,id_005_.28
185,5,буряад маягта оруулагдаһан элдэб хубсаһануудые һанажа,B Uh RJ AA T <SPACE> M A J EH K T EH <SPACE> O R UUh L EH G D EH HH EH NG <SPACE> E L D EH P <SPACE> H Uh P S EH HH EH N UUh D Y J EH <SPACE> HH A N EH ZH EH,id_005_.29
186,5,олоор оёжо дэлгүүртэ худалдадаг болоо һаань гоёл байха һэн,O L OOh R <SPACE> O J EH ZH EH <SPACE> D E L Gr UUs R T EH <SPACE> H Uh D EH L D EH D EH K <SPACE> B O L OOh <SPACE> HH AA NJ <SPACE> G O J EH L <SPACE> B EE H EH <SPACE> HH EH NG,id_005_.30
187,5,жэшээлбэл би нэгэ тэрлигтэй болоод тэрэнээ үмдэхэ газараа олодоггүйб,ZH E SH EE L V EH L <SPACE> BJ I <SPACE> N E Gr EH <SPACE> T E R LJ I K T EE <SPACE> B O L OOh T <SPACE> T E R EH N EE <SPACE> Us M D EH H EH <SPACE> G A Z EH R AA <SPACE> O L EH D EH G G UIs P,id_005_.31
188,5,тэрлигээ ханза соогоо таһа даранхай хэдэн жэлээр байлгадагби,T E R LJ I Gr EE <SPACE> H A N Z EH <SPACE> S OOh Gr OOh <SPACE> T A HH EH <SPACE> D A R EH N H EE <SPACE> H E D EH NG <SPACE> ZH E L EE R <SPACE> B EE L Gr EH D EH G BJ I,id_005_.32
189,5,энэ буруул даа,E N EH <SPACE> B Uh R UUh L <SPACE> D AA,id_005_.33
190,5,шэнэхээнһээ ерэһэн айлшадые адаглахада,SH E N EH H EE N HH EE <SPACE> J E R EH HH EH NG <SPACE> EE L SH EH D Y J EH <SPACE> A D EH G L EH H EH D EH,id_005_.34
191,5,тэдэ энгэртэй буряад хубсаһаяа хаанашье үмдөөд ябадаг,T E D EH <SPACE> E NG G EH R T EE <SPACE> B Uh RJ AA T <SPACE> H Uh P S EH HH EH J AA <SPACE> H AA N EH SH J EH <SPACE> Us M D OOs T <SPACE> J A V EH D EH K,id_005_.35
192,5,эдэ досооһоо буряадайнгаа шэнжэ алдаагүй зон болоно,E N EH <SPACE> D O S OOh HH OOh <SPACE> B Uh RJ AA D EE NG G AA <SPACE> SH E N ZH EH <SPACE> A L D AA Gr UIs <SPACE> Z O NG <SPACE> B O L EH N EH,id_005_.36
193,5,энээн тухай хүн бүхэн бодомжолжо,E N EE NG <SPACE> T Uh H EE <SPACE> H Us NG <SPACE> B Us H EH NG <SPACE> B O D EH M ZH EH L ZH EH,id_005_.37
194,5,хубсаһаяа үмдөөгүй һаамнай,H Uh P S EH HH EH J AA <SPACE> Us M D OOs Gr UIs <SPACE> HH AA M N EE,id_005_.38
195,5,үндэһэн заншалнай хэндэшье хэрэггүй болохол,Us N D EH HH EH NG <SPACE> Z A N SH EH L N EE <SPACE> H E N D EH SH J EH <SPACE> H E R EH G G UIs <SPACE> B O L EH H EH L,id_005_.39
196,6,буряад хубсаһан арадай шэнжэ,B Uh RJ AA T <SPACE> H Uh P S EH HH EH NG <SPACE> A R EH D EE <SPACE> SH E N ZH EH,id_006_.01
197,6,орон нютагуудаар хүн аяншалхадаа,O R EH NG <SPACE> NJ Uh T EH Gr UUh D AA R <SPACE> H Us NG <SPACE> A J EH N SH EH L H EH D AA,id_006_.02
198,6,өөртөө ехэ юумэ мэдэжэ абахаһаа гадна сэдьхэлээрээ хүгжэдэг,OOs R T OOs <SPACE> J E H EH <SPACE> J UUh M EH <SPACE> M E D EH ZH EH <SPACE> A V EH H EH HH AA <SPACE> G A D N EH <SPACE> S E TJ H EH L EE R EE <SPACE> H Us G ZH EH D EH K,id_006_.03
199,6,гүрэн бүхэндэ зоной ажабайдал элдэбын,G Us R EH NG <SPACE> B Us H EH N D EH <SPACE> Z O N EE <SPACE> A ZH EH B EE D EH L <SPACE> E L D EH V Y NG,id_006_.04
200,6,гүрэнэй өөрын шиидхээгүй асуудалнуудшье байха,G Us R EH N EE <SPACE> OOs R Y NG <SPACE> SH Y T H EE Gr UIs <SPACE> A S UUh D EH L N UUh T SH J EH <SPACE> B EE H EH,id_006_.05
201,6,хүгжэнги һайн ажабайдалтай болоһоншье гүрэнүүд бии,H Us G ZH EH NG GJ I <SPACE> HH EE NG <SPACE> A ZH EH B EE D EH L T EE <SPACE> B O L EH HH EH NG SH J EH <SPACE> G Us R EH N UUs T <SPACE> B Y,id_006_.06
202,6,жэшээлбэл хитад гүрэнэй ажабайдал һайжараа гэжэ тэмдэглэхээр,ZH E SH EE L B EH L <SPACE> HJ I T EH T <SPACE> G Us R EH N EE <SPACE> A ZH EH B EE D EH L <SPACE> HH EE ZH EH R AA <SPACE> G E ZH EH <SPACE> T E M D EH G L EH H EE R,id_006_.07
203,6,тэрэ гүрэнэй экономико хүгжэнги,T E R EH <SPACE> G Us R EH N EE <SPACE> E K O N O MJ I K EH <SPACE> H Us G ZH EH NG GJ I,id_006_.08
204,6,хүдөөгэй харгынуудынь асфальтаар хушагдаатай,H Us D OOs Gr EE <SPACE> H A R Gr Y N UUh D Y NJ <SPACE> A S F A LJ T AA R <SPACE> H Uh SH EH G D AA T EE,id_006_.09
205,6,харгын асуудал эндэ үгы болоһон гэжэ ойлгохоор,H A R Gr Y NG <SPACE> A S UUh D EH L <SPACE> E N D EH <SPACE> Us Gr Y <SPACE> B O L EH HH EH NG <SPACE> G E ZH EH <SPACE> OE L Gr EH H OOh R,id_006_.10
206,6,гадна түбэдэй хада уулаар нэмжыһэн,G A D N EH <SPACE> T Us V EH D EE <SPACE> H A D EH <SPACE> UUh L AA R <SPACE> N E M ZH Y HH EH NG,id_006_.11
207,6,дасан дуганууд хүрэтэр харгы жэгдэ асфальтаар хушагданхай байгаа һэн,D A S EH NG <SPACE> D Uh Gr EH N UUh T <SPACE> H Us R EH T EH R <SPACE> H A R Gr Y <SPACE> ZH E G D EH <SPACE>  A S F A LJ T AA R <SPACE> H Uh SH EH G D EH N H EE <SPACE> B EE Gr AA <SPACE> HH EH NG,id_006_.12
208,6,мүнөө түбэд хитад гүрэнэй мэдэлдэ оронхой,M Us N OOs <SPACE> T Us V EH T <SPACE> HJ I T EH T <SPACE> G Us R EH N EE <SPACE> M E D EH L D EH <SPACE> O R EH N H EE,id_006_.13
209,6,эрхэ сүлөөгөө алдаһан түбэдүүд ёһо заншалаа,E R H EH <SPACE> S Us L OOs Gr OOs <SPACE> A L D EH HH EH NG <SPACE> T Us V EH D UUs T <SPACE> J O HH EH <SPACE> Z A N SH EH L AA,id_006_.14
210,6,үндэһэн хубсаһаяа хэлэеэ алдахагүй гэжэ горитойхон ажал ябуулна,Us N D EH HH EH NG <SPACE> H Uh P S EH HH EH J AA <SPACE> H E L EE J EE <SPACE> A L D EH H EH Gr UIs <SPACE> G E ZH EH <SPACE> G O RJ I T EE H EH NG <SPACE> A ZH EH L <SPACE> J A V UUh L N EH,id_006_.15
211,6,түбэд яһатанай нэгэнби гэжэ мэдэржэ байдаг хүн бүхэниинь,T Us V EH T <SPACE> J A HH EH T EH N EE <SPACE> N E Gr EH NG BJ I <SPACE> G E ZH EH <SPACE> M E D EH R ZH EH <SPACE> B EE D EH K <SPACE> H Us NG <SPACE> B Us H EH NJ II NJ,id_006_.16
212,6,үндэһэн хубсаһаяа үмдэхые оролдодог,Us N D EH HH EH NG <SPACE> H Uh P S EH HH EH J AA <SPACE> Us M D EH H Y J EH <SPACE> O R EH L D EH D EH K,id_006_.17
213,6,тэдэнэй үндэһэн хубсаһан хэдэн янзын байдаг,T E D EH N EE <SPACE> Us N D EH HH EH NG <SPACE> H Uh P S EH HH EH NG <SPACE> H E D EH NG <SPACE> J A N Z Y NG <SPACE> B EE D EH K,id_006_.18
214,6,түбэдэй хото городуудаар,T Us V EH D EE <SPACE> H O T EH <SPACE> G O R EH D UUh D AA R,id_006_.19
215,6,үндэһэн хубсаһа наймаалдаг наймаа дэлгүүрнүүд олон юм,Us N D EH HH EH NG <SPACE> H Uh P S EH HH EH <SPACE> N EE M AA L D EH K <SPACE> N EE M AA <SPACE> D E L Gr UUs R N UUs T <SPACE> O L EH NG <SPACE> J Uh M,id_006_.20
216,6,энэ мэтээр монголоор бодоходо баһал омогорхохоор,E N EH <SPACE> M E T EE R <SPACE> M O NG G EH L OOh R <SPACE> B O D EH H EH D EH <SPACE> B A HH EH L <SPACE> O M EH Gr EH R H EH H OOh R,id_006_.21
217,6,улаанбаатарай дэлгүүрнүүдтэ үндэһэн хубсаһа худалдадаг газарнууд олон байна,Uh L AA NG B AA T EH R EE <SPACE> D E L Gr UUs R N UUs T T EH <SPACE> Us N D EH HH EH NG <SPACE> H Uh P S EH <SPACE> H Uh D EH L D EH D EH K <SPACE> G A Z EH R N UUh T <SPACE> O L EH NG <SPACE> B EE N EH,id_006_.22
218,6,энэдхэгтэшье ябахада индус яһатанай эхэнэрнүүд,E N EH T H EH K T EH SH J EH <SPACE> J A V EH H EH D EH <SPACE> I N D Uh S <SPACE> J A HH EH T EH N EE <SPACE> E H EH N EH R N UUs T,id_006_.23
219,6,баян үгытэйшье байг сари хубсаһаяа үмдэнхэй ябана һэн,B A J EH NG <SPACE> Us Gr Y T EE SH J EH <SPACE> B EE K <SPACE> S A RJ I <SPACE> H Uh P S EH HH EH J AA <SPACE> Us M D EH N H EE <SPACE> J A V EH N EH <SPACE> HH EH NG,id_006_.24
220,6,яһатан бүхэн өөр өөрын онсо хубсаһатай,J A HH EH T EH NG <SPACE> B Us H EH NG <SPACE> OOs R <SPACE> OOs R Y NG <SPACE> O N S EH <SPACE> H Uh P S EH HH EH T EE,id_006_.25
221,6,хубсаһаараа бэшэ арадһаа бидэ илгарнабди,H Uh P S EH HH AA R AA <SPACE> B E SH EH <SPACE> A R EH D HH AA <SPACE> BJ I D EH <SPACE> I L Gr EH R N EH B DJ I,id_006_.26
222,6,энэ болотор дамжан ерэһэн буряад хубсаһаяа ганса һайндэрнүүдтэ бэшэ,E N EH <SPACE> B O L EH T EH R <SPACE> D A M ZH EH NG <SPACE> J E R EH HH EH NG <SPACE> B Uh RJ AA T <SPACE> H Uh P S EH HH EH J AA <SPACE> G A N S EH <SPACE> HH EE N D EH R N UUs T T EH <SPACE> B E SH EH,id_006_.27
223,6,харин юрын үдэрнүүдтэ үмдэхэдэ болохо гэжэ ойлгохонь шухала,H A RJ I NG <SPACE> J Uh R Y NG <SPACE> Us D EH R N UUs T T EH <SPACE> Us M D EH H EH D EH <SPACE> B O L EH H EH <SPACE> G E ZH EH <SPACE> OE L Gr EH H EH NJ <SPACE> SH Uh H EH L EH,id_006_.28
224,6,буряад маягта оруулагдаһан элдэб хубсаһануудые һанажа,B Uh RJ AA T <SPACE> M A J EH K T EH <SPACE> O R UUh L EH G D EH HH EH NG <SPACE> E L D EH P <SPACE> H Uh P S EH HH EH N UUh D Y J EH <SPACE> HH A N EH ZH EH,id_006_.29
225,6,олоор оёжо дэлгүүртэ худалдадаг болоо һаань гоёл байха һэн,O L OOh R <SPACE> O J EH ZH EH <SPACE> D E L Gr UUs R T EH <SPACE> H Uh D EH L D EH D EH K <SPACE> B O L OOh <SPACE> HH AA NJ <SPACE> G O J EH L <SPACE> B EE H EH <SPACE> HH EH NG,id_006_.30
226,6,жэшээлбэл би нэгэ тэрлигтэй болоод тэрэнээ үмдэхэ газараа олодоггүйб,ZH E SH EE L V EH L <SPACE> BJ I <SPACE> N E Gr EH <SPACE> T E R LJ I K T EE <SPACE> B O L OOh T <SPACE> T E R EH N EE <SPACE> Us M D EH H EH <SPACE> G A Z EH R AA <SPACE> O L EH D EH G G UIs P,id_006_.31
227,6,тэрлигээ ханза соогоо таһа даранхай хэдэн жэлээр байлгадагби,T E R LJ I Gr EE <SPACE> H A N Z EH <SPACE> S OOh Gr OOh <SPACE> T A HH EH <SPACE> D A R EH N H EE <SPACE> H E D EH NG <SPACE> ZH E L EE R <SPACE> B EE L Gr EH D EH G BJ I,id_006_.32
228,6,энэ буруул даа,E N EH <SPACE> B Uh R UUh L <SPACE> D AA,id_006_.33
229,6,шэнэхээнһээ ерэһэн айлшадые адаглахада,SH E N EH H EE N HH EE <SPACE> J E R EH HH EH NG <SPACE> EE L SH EH D Y J EH <SPACE> A D EH G L EH H EH D EH,id_006_.34
230,6,тэдэ энгэртэй буряад хубсаһаяа хаанашье үмдөөд ябадаг,T E D EH <SPACE> E NG G EH R T EE <SPACE> B Uh RJ AA T <SPACE> H Uh P S EH HH EH J AA <SPACE> H AA N EH SH J EH <SPACE> Us M D OOs T <SPACE> J A V EH D EH K,id_006_.35
231,6,эдэ досооһоо буряадайнгаа шэнжэ алдаагүй зон болоно,E D EH <SPACE> D O S OOh HH OOh <SPACE> B Uh RJ AA D EE NG G AA <SPACE> SH E N ZH EH <SPACE> A L D AA Gr UIs <SPACE> Z O NG <SPACE> B O L EH N EH,id_006_.36
232,6,энээн тухай хүн бүхэн бодомжолжо,E N EE NG <SPACE> T Uh H EE <SPACE> H Us NG <SPACE> B Us H EH NG <SPACE> B O D EH M ZH EH L ZH EH,id_006_.37
233,6,хубсаһаяа үмдөөгүй һаамнай,H Uh P S EH HH EH J AA <SPACE> Us M D OOs Gr UIs <SPACE> HH AA M N EE,id_006_.38
234,6,үндэһэн заншалнай хэндэшье хэрэггүй болохол,Us N D EH HH EH NG <SPACE> Z A N SH EH L N EE <SPACE> H E N D EH SH J EH <SPACE> H E R EH G G UIs <SPACE> B O L EH H EH L,id_006_.39
235,7,буряад хубсаһан арадай шэнжэ,B Uh RJ AA T <SPACE> H Uh P S EH HH EH NG <SPACE> A R EH D EE <SPACE> SH E N ZH EH,id_007_.01
236,7,орон нютагуудаар хүн аяншалхадаа,O R EH NG <SPACE> NJ Uh T EH Gr UUh D AA R <SPACE> H Us NG <SPACE> A J EH N SH EH L H EH D AA,id_007_.02
237,7,өөртөө ехэ юумэ мэдэжэ абахаһаа гадна сэдьхэлээрээ хүгжэдэг,OOs R T OOs <SPACE> J E H EH <SPACE> J UUh M EH <SPACE> M E D EH ZH EH <SPACE> A V EH H EH HH AA <SPACE> G A D N EH <SPACE> S E TJ H EH L EE R EE <SPACE> H Us G ZH EH D EH K,id_007_.03
238,7,гүрэн бүхэндэ зоной ажабайдал элдэбын,G Us R EH NG <SPACE> B Us H EH N D EH <SPACE> Z O N EE <SPACE> A ZH EH B EE D EH L <SPACE> E L D EH V Y NG,id_007_.04
239,7,гүрэнэй өөрын шиидхээгүй асуудалнуудшье байха,G Us R N EE <SPACE> OOs R Y NG <SPACE> SH Y T H EE Gr UIs <SPACE> A S UUh D EH L N UUh T SH J EH <SPACE> B EE H EH,id_007_.05
240,7,хүгжэнги һайн ажабайдалтай болоһоншье гүрэнүүд бии,H Us G ZH EH NG GJ I <SPACE> HH EE NG <SPACE> A ZH EH B EE D EH L T EE <SPACE> B O L EH HH EH NG SH J EH <SPACE> G Us R EH N UUs T <SPACE> BJ II,id_007_.06
241,7,жэшээлбэл хитад гүрэнэй ажабайдал һайжараа гэжэ тэмдэглэхээр,ZH E SH EE L B EH L <SPACE> HJ I T EH T <SPACE> G Us R EH N EE <SPACE> A ZH EH B EE D EH L <SPACE> HH EE ZH EH R AA <SPACE> G E ZH EH <SPACE> T E M D EH G L EH H EE R,id_007_.07
242,7,тэрэ гүрэнэй экономико хүгжэнги,T E R EH <SPACE> G Us R EH N EE <SPACE> E K O N O MJ I K EH <SPACE> H Us G ZH EH NG GJ I,id_007_.08
243,7,хүдөөгэй харгынуудынь асфальтаар хушагдаатай,H Us D OOs Gr EE <SPACE> H A R Gr Y N UUh D Y NJ <SPACE> A S F A LJ T AA R <SPACE> H Uh SH EH G D AA T EE,id_007_.09
244,7,харгын асуудал эндэ үгы болоһон гэжэ ойлгохоор,H A R Gr Y NG <SPACE> A S UUh D EH L <SPACE> E N D EH <SPACE> Us Gr Y <SPACE> B O L EH HH EH NG <SPACE> G E ZH EH <SPACE> OE L Gr EH H OOh R,id_007_.10
245,7,гадна түбэдэй хада уулаар нэмжыһэн,G A D N EH <SPACE> T Us V EH D EE <SPACE> H A D EH <SPACE> UUh L AA R <SPACE> N E M ZH Y HH EH NG,id_007_.11
246,7,дасан дуганууд хүрэтэр харгы жэгдэ асфальтаар хушагданхай байгаа һэн,D A S EH NG <SPACE> D Uh Gr EH N UUh T <SPACE> H Us R EH T EH R <SPACE> H A R Gr Y <SPACE> H E G D E <SPACE>  A S F A LJ T AA R <SPACE> H Uh SH EH G D EH N H EE <SPACE> B EE Gr AA <SPACE> HH EH NG,id_007_.12
247,7,мүнөө түбэд хитад гүрэнэй мэдэлдэ оронхой,M Us N OOs <SPACE> T Us V EH T <SPACE> HJ I T EH T <SPACE> G Us R EH N EE <SPACE> M E D EH L D EH <SPACE> O R EH N H EE,id_007_.13
248,7,эрхэ сүлөөгөө алдаһан түбэдүүд ёһо заншалаа,E R H EH <SPACE> S Us L OOs Gr OOs <SPACE> A L D EH HH EH NG <SPACE> T Us V EH D UUs T <SPACE> J O HH EH <SPACE> Z A N SH EH L AA,id_007_.14
249,7,үндэһэн хубсаһаяа хэлэеэ алдахагүй гэжэ горитойхон ажал ябуулна,Us N D EH HH EH NG <SPACE> H Uh P S EH HH EH J AA <SPACE> H E L EE J EE <SPACE> A L D EH H EH Gr UIs <SPACE> G E ZH EH <SPACE> G O RJ I T EE H EH NG <SPACE> A ZH EH L <SPACE> J A V UUh L N EH,id_007_.15
250,7,түбэд яһатанай нэгэнби гэжэ мэдэржэ байдаг хүн бүхэниинь,T Us V EH T <SPACE> J A HH EH T EH N EE <SPACE> N E Gr EH NG BJ I <SPACE> G E ZH EH <SPACE> M E D EE R ZH EH <SPACE> B EE D EH K <SPACE> H Us NG <SPACE> B Us H EH NJ II NJ,id_007_.16
251,7,үндэһэн хубсаһаяа үмдэхые оролдодог,Us N D EH HH EH NG <SPACE> H Uh P S EH HH EH J AA <SPACE> Us M D EH H Y J EH <SPACE> O R EH L D EH D EH K,id_007_.17
252,7,тэдэнэй үндэһэн хубсаһан хэдэн янзын байдаг,T E D EE N EE <SPACE> Us N D EH HH EH NG <SPACE> H Uh P S EH HH EH NG <SPACE> H E D EH NG <SPACE> J A N Z Y NG <SPACE> B EE D EH K,id_007_.18
253,7,түбэдэй хото городуудаар,T Us V EH D EE <SPACE> H O T EH <SPACE> G O R EH D UUh D AA R,id_007_.19
254,7,үндэһэн хубсаһа наймаалдаг наймаа дэлгүүрнүүд олон юм,Us N D EH HH EH NG <SPACE> H Uh P S EH HH EH <SPACE> N EE M AA L D EH K <SPACE> N EE M AA <SPACE> D E L Gr UUs R N UUs T <SPACE> O L EH NG <SPACE> J Uh M,id_007_.20
255,7,энэ мэтээр монголоор бодоходо баһал омогорхохоор,E N EH <SPACE> M E T EE R <SPACE> M O NG G EH L OOh R <SPACE> B O D EH H EH D EH <SPACE> B A HH EH L <SPACE> O M EH Gr EH R H EH H OOh R,id_007_.21
256,7,улаанбаатарай дэлгүүрнүүдтэ үндэһэн хубсаһа худалдадаг газарнууд олон байна,Uh L AA NG B AA T EH R EE <SPACE> D E L Gr UUs R N UUs T T EH <SPACE> Us N D EH HH EH NG <SPACE> H Uh P S EH HH EH <SPACE> H Uh D EH L D EH D EH K <SPACE> G A Z EH R N UUh T <SPACE> O L EH NG <SPACE> B EE N EH,id_007_.22
257,7,энэдхэгтэшье ябахада индус яһатанай эхэнэрнүүд,E N EH T H EH K T EH SH J EH <SPACE> J A V EH H EH D EH <SPACE> I N D Uh S <SPACE> J A HH EH T N EE <SPACE> E H EH N EH R N UUs T,id_007_.23
258,7,баян үгытэйшье байг сари хубсаһаяа үмдэнхэй ябана һэн,B A J EH NG <SPACE> Us Gr Y T EE SH J EH <SPACE> B EE K <SPACE> S A RJ I <SPACE> H Uh P S EH HH EH J AA <SPACE> Us M D EH N H EE <SPACE> J A V EH N EH <SPACE> HH EH NG,id_007_.24
259,7,яһатан бүхэн өөр өөрын онсо хубсаһатай,J A HH EH T EH NG <SPACE> B Us H EH R <SPACE> OOs R <SPACE> OOs R Y NG <SPACE> O N S EH <SPACE> H Uh P S EH HH EH T EE,id_007_.25
260,7,хубсаһаараа бэшэ арадһаа бидэ илгарнабди,H Uh P S EH HH AA R AA <SPACE> B E SH EH <SPACE> A R EH D HH AA <SPACE> BJ I D EH <SPACE> I L Gr EH R N EH B DJ I,id_007_.26
261,7,энэ болотор дамжан ерэһэн буряад хубсаһаяа ганса һайндэрнүүдтэ бэшэ,E N EH <SPACE> B O L EH T EH R <SPACE> D A M ZH EH NG <SPACE> J E R EH HH EH NG <SPACE> B Uh RJ AA T <SPACE> H Uh P S EH HH EH J AA <SPACE> G A N S EH <SPACE> HH EE N D EH R N UUs T T EH <SPACE> B E SH EH,id_007_.27
262,7,харин юрын үдэрнүүдтэ үмдэхэдэ болохо гэжэ ойлгохонь шухала,H A RJ I NG <SPACE> J Uh R Y NG <SPACE> Us D EH R N UUs T T EH <SPACE> Us M D EH H EH D EH <SPACE> B O L EH H EH <SPACE> G E ZH EH <SPACE> OE L Gr EH H EH NJ <SPACE> SH Uh H EH L EH,id_007_.28
263,7,буряад маягта оруулагдаһан элдэб хубсаһануудые һанажа,B Uh RJ AA T <SPACE> M A K T EH <SPACE> O R UUh L EH D EH HH EH NG <SPACE> E L D EH P <SPACE> H Uh P S EH HH EH N UUh D Y J EH <SPACE> HH A N EH ZH EH,id_007_.29
264,7,олоор оёжо дэлгүүртэ худалдадаг болоо һаань гоёл байха һэн,O R OOh L <SPACE> O J EH ZH EH <SPACE> D E L Gr UUs R T EH <SPACE> H Uh D EH L D EH D EH K <SPACE> B O L OOh <SPACE> HH AA NJ <SPACE> G O J EH L <SPACE> B EE H EH <SPACE> HH EH NG,id_007_.30
265,7,жэшээлбэл би нэгэ тэрлигтэй болоод тэрэнээ үмдэхэ газараа олодоггүйб,ZH E SH EH V EH L <SPACE> BJ I <SPACE> N E Gr EH <SPACE> T E R LJ I K T EE <SPACE> B O L OOh T <SPACE> T E R EH N EE <SPACE> Us M D EH H EH <SPACE> G A Z A R AA <SPACE> O L EH D EH G G UIs P,id_007_.31
266,7,тэрлигээ ханза соогоо таһа даранхай хэдэн жэлээр байлгадагби,T E R LJ I Gr EE <SPACE> H A N Z EH <SPACE> S OOh Gr OOh <SPACE> T A HH EH <SPACE> D A R EH N H EE <SPACE> H E D EH NG <SPACE> ZH E L EE R <SPACE> B EE L Gr EH D EH G BJ I,id_007_.32
267,7,энэ буруул даа,E N EH <SPACE> B Uh R UUh L <SPACE> D AA,id_007_.33
268,7,шэнэхээнһээ ерэһэн айлшадые адаглахада,SH E N EH H EE N EE <SPACE> J E R EH HH EH NG <SPACE> EE L SH EH D Y J EH <SPACE> EE L EH H EH D EH,id_007_.34
269,7,тэдэ энгэртэй буряад хубсаһаяа хаанашье үмдөөд ябадаг,T E D EE N EE <SPACE> E NG G EH R T EE <SPACE> B Uh RJ AA T <SPACE> H Uh P S EH HH EH J AA <SPACE> H AA N EH SH J EH <SPACE> Us M D OOs T <SPACE> J A V EH D EH K,id_007_.35
270,7,эдэ досооһоо буряадайнгаа шэнжэ алдаагүй зон болоно,E D EH <SPACE> D O S OOh HH OOh <SPACE> B Uh RJ AA D EE NG G AA <SPACE> SH E N ZH EH <SPACE> A L D AA Gr UIs <SPACE> Z O NG <SPACE> B O L N EH,id_007_.36
271,7,энээн тухай хүн бүхэн бодомжолжо,E N EE NG <SPACE> T Uh H EE <SPACE> H Us NG <SPACE> B Us H EH NG <SPACE> B O D EH M ZH EH L ZH EH,id_007_.37
272,7,хубсаһаяа үмдөөгүй һаамнай,H Uh P S EH HH AA <SPACE> Us M D OOs Gr UIs <SPACE> HH AA M N EE,id_007_.38
273,7,үндэһэн заншалнай хэндэшье хэрэггүй болохол,Us N D EH HH EH NG <SPACE> Z A N SH EH L N EE <SPACE> H E N D EH SH J EH <SPACE> H E R EH K T EH G UIs <SPACE> B O L EH H EH L,id_007_.39
274,8,буряад хубсаһан арадай шэнжэ,B Uh RJ AA T <SPACE> H Uh P S EH HH EH NG <SPACE> A R EH D EE <SPACE> SH E N ZH EH,id_008_.01
275,8,орон нютагуудаар хүн аяншалхадаа,O R EH NG <SPACE> NJ Uh T EH Gr UUh D AA R <SPACE> H Us NG <SPACE> A J EH N SH EH L H EH D AA,id_008_.02
276,8,өөртөө ехэ юумэ мэдэжэ абахаһаа гадна сэдьхэлээрээ хүгжэдэг,OOs R T OOs <SPACE> J E H EH <SPACE> J UUh M EH <SPACE> M E D EH ZH EH <SPACE> A V EH H EH HH AA <SPACE> G A D N EH <SPACE> S E TJ H EH L EE R EE <SPACE> H Us G ZH EH D EH K,id_008_.03
277,8,гүрэн бүхэндэ зоной ажабайдал элдэбын,G Us R EH NG <SPACE> B Us H EH N D EH <SPACE> Z O N EE <SPACE> A ZH EH B EE D EH L <SPACE> E L D EH V Y NG,id_008_.04
278,8,гүрэнэй өөрын шиидхээгүй асуудалнуудшье байха,G Us R EH N EE <SPACE> OOs R Y NG <SPACE> SH Y T H EE Gr UIs <SPACE> A S UUh D EH L N UUh T SH J EH <SPACE> B EE H EH,id_008_.05
279,8,хүгжэнги һайн ажабайдалтай болоһоншье гүрэнүүд бии,H Us G ZH EH NG GJ I <SPACE> HH EE NG <SPACE> A ZH EH B EE D EH L T EE <SPACE> B O L EH HH EH NG SH J EH <SPACE> G Us R EH N UUs T <SPACE> BJ II,id_008_.06
280,8,жэшээлбэл хитад гүрэнэй ажабайдал һайжараа гэжэ тэмдэглэхээр,ZH E SH EE L B EH L <SPACE> HJ I T EH T <SPACE> G Us R EH N EE <SPACE> A ZH EH B EE D EH L <SPACE> HH EE ZH EH R AA <SPACE> G E ZH EH <SPACE> T E M D EH G L EH H EE R,id_008_.07
281,8,тэрэ гүрэнэй экономико хүгжэнги,T E R EH <SPACE> G Us R EH N EE <SPACE> E K O N O MJ I K EH <SPACE> H Us G ZH EH NG GJ I,id_008_.08
282,8,хүдөөгэй харгынуудынь асфальтаар хушагдаатай,H Us D OOs Gr EE <SPACE> H A R Gr Y N UUh D Y NJ <SPACE> A S F A LJ T AA R <SPACE> H Uh SH EH G D AA T EE,id_008_.09
283,8,харгын асуудал эндэ үгы болоһон гэжэ ойлгохоор,H A R Gr Y NG <SPACE> A S UUh D EH L <SPACE> E N D EH <SPACE> Us Gr Y <SPACE> B O L EH HH EH NG <SPACE> G E ZH EH <SPACE> OE L Gr EH H OOh R,id_008_.10
284,8,гадна түбэдэй хада уулаар нэмжыһэн,G A D N EH <SPACE> T Us V EH D EE <SPACE> H A D EH <SPACE> UUh L AA R <SPACE> N E M ZH Y HH EH NG,id_008_.11
285,8,дасан дуганууд хүрэтэр харгы жэгдэ асфальтаар хушагданхай байгаа һэн,D A S EH NG <SPACE> D Uh Gr EH N UUh T <SPACE> H Us R EH T EH R <SPACE> H A R Gr Y <SPACE> ZH E G D EH <SPACE>  A S F A LJ T AA R <SPACE> H Uh SH EH G D EH N H EE <SPACE> B EE Gr AA <SPACE> HH EH NG,id_008_.12
286,8,мүнөө түбэд хитад гүрэнэй мэдэлдэ оронхой,M Us N OOs <SPACE> T Us V EH T <SPACE> HJ I T EH T <SPACE> G Us R EH N EE <SPACE> M E D EH L D EH <SPACE> O R EH N H EE,id_008_.13
287,8,эрхэ сүлөөгөө алдаһан түбэдүүд ёһо заншалаа,E R H EH <SPACE> S Us L OOs Gr OOs <SPACE> A L D EH HH EH NG <SPACE> T Us V EH D UUs T <SPACE> J O HH EH <SPACE> Z A N SH EH L AA,id_008_.14
288,8,үндэһэн хубсаһаяа хэлэеэ алдахагүй гэжэ горитойхон ажал ябуулна,Us N D EH HH EH NG <SPACE> H Uh P S EH HH EH J AA <SPACE> H E L EE J EE <SPACE> A L D EH H EH Gr UIs <SPACE> G E ZH EH <SPACE> G O RJ I T EE H EH NG <SPACE> A ZH EH L <SPACE> J A V UUh L N EH,id_008_.15
289,8,түбэд яһатанай нэгэнби гэжэ мэдэржэ байдаг хүн бүхэниинь,T Us V EH T <SPACE> J A HH EH T EH N EE <SPACE> N E Gr EH NG BJ I <SPACE> G E ZH EH <SPACE> M E D EH R ZH EH <SPACE> B EE D EH K <SPACE> H Us NG <SPACE> B Us H EH NJ II NJ,id_008_.16
290,8,үндэһэн хубсаһаяа үмдэхые оролдодог,Us N D EH HH EH NG <SPACE> H Uh P S EH HH EH J AA <SPACE> Us M D EH H Y J EH <SPACE> O R EH L D EH D EH K,id_008_.17
291,8,тэдэнэй үндэһэн хубсаһан хэдэн янзын байдаг,T E D EH N EE <SPACE> Us N D EH HH EH NG <SPACE> H Uh P S EH HH EH NG <SPACE> H E D EH NG <SPACE> J A N Z Y NG <SPACE> B EE D EH K,id_008_.18
292,8,түбэдэй хото городуудаар,T Us V EH D EE <SPACE> H O T EH <SPACE> G O R EH D UUh D AA R,id_008_.19
293,8,үндэһэн хубсаһа наймаалдаг наймаа дэлгүүрнүүд олон юм,Us N D EH HH EH NG <SPACE> H Uh P S EH HH EH <SPACE> N EE M AA L D EH K <SPACE> N EE M AA <SPACE> D E L Gr UUs R N UUs T <SPACE> O L EH NG <SPACE> J Uh M,id_008_.20
294,8,энэ мэтээр монголоор бодоходо баһал омогорхохоор,E N EH <SPACE> M E T EE R <SPACE> M O NG G EH L OOh R <SPACE> B O D EH H EH D EH <SPACE> B A HH EH L <SPACE> O M EH Gr EH R H EH H OOh R,id_008_.21
295,8,улаанбаатарай дэлгүүрнүүдтэ үндэһэн хубсаһа худалдадаг газарнууд олон байна,Uh L AA NG B AA T EH R EE <SPACE> D E L Gr UUs R N UUs T T EH <SPACE> Us N D EH HH EH NG <SPACE> H Uh P S EH HH EH <SPACE> H Uh D EH L D EH D EH K <SPACE> G A Z EH R N UUh T <SPACE> O L EH NG <SPACE> B EE N EH,id_008_.22
296,8,энэдхэгтэшье ябахада индус яһатанай эхэнэрнүүд,E N EH T H EH K T EH SH J EH <SPACE> J A V EH H EH D EH <SPACE> I N D Uh S <SPACE> J A HH EH T EH N EE <SPACE> E H EH N EH R N UUs T,id_008_.23
297,8,баян үгытэйшье байг сари хубсаһаяа үмдэнхэй ябана һэн,B A J EH NG <SPACE> Us Gr Y T EE SH J EH <SPACE> B EE K <SPACE> S A RJ I <SPACE> H Uh P S EH HH EH J AA <SPACE> Us M D EH N H EE <SPACE> J A V EH N EH <SPACE> HH EH NG,id_008_.24
298,8,яһатан бүхэн өөр өөрын онсо хубсаһатай,J A HH EH T EH NG <SPACE> B Us H EH NG <SPACE> OOs R <SPACE> OOs R Y NG <SPACE> O N S EH <SPACE> H Uh P S EH HH EH T EE,id_008_.25
299,8,хубсаһаараа бэшэ арадһаа бидэ илгарнабди,H Uh P S EH HH AA R AA <SPACE> B E SH EH <SPACE> A R EH D HH AA <SPACE> BJ I D EH <SPACE> I L Gr EH R N EH B DJ I,id_008_.26
300,8,энэ болотор дамжан ерэһэн буряад хубсаһаяа ганса һайндэрнүүдтэ бэшэ,E N EH <SPACE> B O L EH T EH R <SPACE> D A M ZH EH NG <SPACE> J E R EH HH EH NG <SPACE> B Uh RJ AA T <SPACE> H Uh P S EH HH EH J AA <SPACE> G A N S EH <SPACE> HH EE N D EH R N UUs T T EH <SPACE> B E SH EH,id_008_.27
301,8,харин юрын үдэрнүүдтэ үмдэхэдэ болохо гэжэ ойлгохонь шухала,H A RJ I NG T EH <SPACE> Us M D EH H EH D EH <SPACE> B O L EH H EH <SPACE> G E ZH EH <SPACE> OE L Gr EH H EH NJ <SPACE> SH Uh H EH L EH,id_008_.28
302,8,буряад маягта оруулагдаһан элдэб хубсаһануудые һанажа,B Uh RJ AA T <SPACE> M A J EH K T EH <SPACE> O R UUh L EH G D EH HH EH NG <SPACE> E L D EH P <SPACE> H Uh P S EH HH EH N UUh D Y J EH <SPACE> HH A N EH ZH EH,id_008_.29
303,8,олоор оёжо дэлгүүртэ худалдадаг болоо һаань гоёл байха һэн,O L OOh R <SPACE> O J EH ZH EH <SPACE> D E L Gr UUs R T EH <SPACE> H Uh D EH L D EH D EH K <SPACE> B O L OOh <SPACE> HH AA NJ <SPACE> G O J EH L <SPACE> B EE H EH <SPACE> HH EH NG,id_008_.30
304,8,жэшээлбэл би нэгэ тэрлигтэй болоод тэрэнээ үмдэхэ газараа олодоггүйб,ZH E SH EE L V EH L <SPACE> BJ I <SPACE> N E Gr EH <SPACE> T E R LJ I K T EE <SPACE> B O L OOh T <SPACE> T E R EE N EE <SPACE> Us M D EH H EH <SPACE> G A Z EH R AA <SPACE> O L EH D EH G G UIs P,id_008_.31
305,8,тэрлигээ ханза соогоо таһа даранхай хэдэн жэлээр байлгадагби,T E R LJ I Gr EE <SPACE> H A N Z EH <SPACE> S OOh Gr OOh <SPACE> T A HH EH <SPACE> D A R EH N H EE <SPACE> H E D EH NG <SPACE> ZH E L EE R <SPACE> B EE L Gr EH D EH G BJ I,id_008_.32
306,8,энэ буруул даа,E N EH <SPACE> B Uh R UUh L <SPACE> D AA,id_008_.33
307,8,шэнэхээнһээ ерэһэн айлшадые адаглахада,SH E N EH H EE N HH EE <SPACE> J E R EH HH EH NG <SPACE> EE L SH EH D Y J EH <SPACE> A D EH G L EH H EH D EH,id_008_.34
308,8,тэдэ энгэртэй буряад хубсаһаяа хаанашье үмдөөд ябадаг,T E D EH <SPACE> E NG G EH R T EE <SPACE> B Uh RJ AA T <SPACE> H Uh P S EH HH EH J AA <SPACE> H AA N EH SH J EH <SPACE> Us M D OOs T <SPACE> J A V EH D EH K,id_008_.35
309,8,эдэ досооһоо буряадайнгаа шэнжэ алдаагүй зон болоно,E D EH <SPACE> D O S OOh HH OOh <SPACE> B Uh RJ AA D EE NG G AA <SPACE> SH E N ZH EH <SPACE> A L D AA Gr UIs <SPACE> Z O NG <SPACE> B O L EH N EH,id_008_.36
310,8,энээн тухай хүн бүхэн бодомжолжо,E N EE NG <SPACE> T Uh H EE <SPACE> H Us NG <SPACE> B Us H EH NG <SPACE> B O D EH M ZH EH L ZH EH,id_008_.37
311,8,хубсаһаяа үмдөөгүй һаамнай,H Uh P S EH HH EH J AA <SPACE> Us M D OOs Gr UIs <SPACE> HH AA M N EE,id_008_.38
312,8,үндэһэн заншалнай хэндэшье хэрэггүй болохол,Us N D EH HH EH NG <SPACE> Z A N SH EH L N EE <SPACE> H E N D EH SH J EH <SPACE> H E R EH G G UIs <SPACE> B O L EH H EH L,id_008_.39
313,9,буряад хубсаһан арадай шэнжэ,B Uh RJ AA T <SPACE> H Uh P S EH HH EH NG <SPACE> A R EH D EE <SPACE> SH E N ZH EH,id_009_.01
314,9,орон нютагуудаар хүн аяншалхадаа,O R EH NG <SPACE> NJ Uh T EH Gr UUh D AA R <SPACE> H Us NG <SPACE> A J EH N SH EH L H EH D AA,id_009_.02
315,9,өөртөө ехэ юумэ мэдэжэ абахаһаа гадна сэдьхэлээрээ хүгжэдэг,OOs R T OOs <SPACE> J E H EH <SPACE> J UUh M EH <SPACE> M E D EH ZH EH <SPACE> A V EH H EH HH AA <SPACE> G A D N EH <SPACE> S E TJ H EH L EE R EE <SPACE> H Us G ZH EH D EH K,id_009_.03
316,9,гүрэн бүхэндэ зоной ажабайдал элдэбын,G Us R EH NG <SPACE> B Us H EH N D EH <SPACE> Z O N EE <SPACE> A ZH EH B EE D EH L <SPACE> E L D EH V Y NG,id_009_.04
317,9,гүрэнэй өөрын шиидхээгүй асуудалнуудшье байха,G Us R EH N EE <SPACE> OOs R Y NG <SPACE> SH Y T H EE Gr UIs <SPACE> A S UUh D EH L N UUh T SH J EH <SPACE> B EE H EH,id_009_.05
318,9,хүгжэнги һайн ажабайдалтай болоһоншье гүрэнүүд бии,H Us G ZH EH NG GJ I <SPACE> HH EE NG <SPACE> A ZH EH B EE D EH L T EE <SPACE> B O L EH HH EH NG SH J EH <SPACE> G Us R EH N UUs T <SPACE> BJ II,id_009_.06
319,9,жэшээлбэл хитад гүрэнэй ажабайдал һайжараа гэжэ тэмдэглэхээр,ZH E SH EE B EH L <SPACE> HJ I T EH T <SPACE> G Us R EH N EE <SPACE> A ZH EH B EE D EH L <SPACE> HH EE ZH EH R AA <SPACE> G E ZH EH <SPACE> T E M D EH G L EH H EE R,id_009_.07
320,9,тэрэ гүрэнэй экономико хүгжэнги,T E R EH <SPACE> G Us R EH N EE <SPACE> E K O N O MJ I K EH <SPACE> H Us G ZH EH NG GJ I,id_009_.08
321,9,хүдөөгэй харгынуудынь асфальтаар хушагдаатай,H Us D OOs Gr EE <SPACE> H A R Gr Y N UUh D Y NJ <SPACE> A S F A LJ T AA R <SPACE> H Uh SH EH G D AA T EE,id_009_.09
322,9,харгын асуудал эндэ үгы болоһон гэжэ ойлгохоор,H A R Gr Y NG <SPACE> A S UUh D EH L <SPACE> E N D EH <SPACE> Us Gr Y <SPACE> B O L EH HH EH NG <SPACE> G E ZH EH <SPACE> OE L Gr EH H OOh R,id_009_.10
323,9,гадна түбэдэй хада уулаар нэмжыһэн,G A D N EH <SPACE> T Us V EH D EE <SPACE> H A D EH <SPACE> UUh L AA R <SPACE> N E M ZH Y HH EH NG,id_009_.11
324,9,дасан дуганууд хүрэтэр харгы жэгдэ асфальтаар хушагданхай байгаа һэн,D A S EH NG <SPACE> D Uh Gr EH N UUh T <SPACE> H Us R EH T EH R <SPACE> H A R Gr Y <SPACE> ZH E G D EH <SPACE>  A S F A LJ T AA R <SPACE> H Uh SH EH G D EH N H EE <SPACE> B EE Gr AA <SPACE> HH EH NG,id_009_.12
325,9,мүнөө түбэд хитад гүрэнэй мэдэлдэ оронхой,M Us N OOs <SPACE> T Us V EH T <SPACE> HJ I T EH T <SPACE> G Us R EH N EE <SPACE> M E D EH L D EH <SPACE> O R EH N H EE,id_009_.13
326,9,эрхэ сүлөөгөө алдаһан түбэдүүд ёһо заншалаа,E R H EH <SPACE> S Us L OOs Gr OOs <SPACE> A L D EH HH EH NG <SPACE> T Us V EH D UUs T <SPACE> J O HH EH <SPACE> Z A N SH EH L AA,id_009_.14
327,9,үндэһэн хубсаһаяа хэлэеэ алдахагүй гэжэ горитойхон ажал ябуулна,Us N D EH HH EH NG <SPACE> H Uh P S EH HH EH J AA <SPACE> H E L EE J EE <SPACE> A L D EH H EH Gr UIs <SPACE> G E ZH EH <SPACE> G O RJ I T EE H EH NG <SPACE> A ZH EH L <SPACE> J A V UUh L N EH,id_009_.15
328,9,түбэд яһатанай нэгэнби гэжэ мэдэржэ байдаг хүн бүхэниинь,T Us V EH T <SPACE> J A HH EH T EH N EE <SPACE> N E Gr EH NG BJ I <SPACE> G E ZH EH <SPACE> M E D EH R ZH EH <SPACE> B EE D EH K <SPACE> H Us NG <SPACE> B Us H EH NJ II NJ,id_009_.16
329,9,үндэһэн хубсаһаяа үмдэхые оролдодог,Us N D EH HH EH NG <SPACE> H Uh P S EH HH EH J AA <SPACE> Us M D EH H Y J EH <SPACE> O R EH L D EH D EH K,id_009_.17
330,9,тэдэнэй үндэһэн хубсаһан хэдэн янзын байдаг,T E D EH N EE <SPACE> Us N D EH HH EH NG <SPACE> H Uh P S EH HH EH NG <SPACE> H E D EH NG <SPACE> J A N Z Y NG <SPACE> B EE D EH K,id_009_.18
331,9,түбэдэй хото городуудаар,T Us V EH D EE <SPACE> H O T EH <SPACE> G O R EH D UUh D AA R,id_009_.19
332,9,үндэһэн хубсаһа наймаалдаг наймаа дэлгүүрнүүд олон юм,Us N D EH HH EH NG <SPACE> H Uh P S EH HH EH <SPACE> N EE M AA L D EH K <SPACE> N EE M AA <SPACE> D E L Gr UUs R N UUs T <SPACE> O L EH NG <SPACE> J Uh M,id_009_.20
333,9,энэ мэтээр монголоор бодоходо баһал омогорхохоор,E N EH <SPACE> M E T EE R <SPACE> M O NG G EH L OOh R <SPACE> B O D EH H EH D EH <SPACE> B A HH EH L <SPACE> O M EH Gr EH R H EH H OOh R,id_009_.21
334,9,улаанбаатарай дэлгүүрнүүдтэ үндэһэн хубсаһа худалдадаг газарнууд олон байна,Uh L AA NG B AA T EH R EE <SPACE> D E L Gr UUs R N UUs T T EH <SPACE> Us N D EH HH EH NG <SPACE> H Uh P S EH HH EH <SPACE> H Uh D EH L D EH D EH K <SPACE> G A Z EH R N UUh T <SPACE> O L EH NG <SPACE> B EE N EH,id_009_.22
335,9,энэдхэгтэшье ябахада индус яһатанай эхэнэрнүүд,E N EH T H EH K T EH SH J EH <SPACE> J A V EH H EH D EH <SPACE> I N D Uh S <SPACE> J A HH EH T EH N EE <SPACE> E H EH N EH R N UUs T,id_009_.23
336,9,баян үгытэйшье байг сари хубсаһаяа үмдэнхэй ябана һэн,B A J EH NG <SPACE> Us Gr Y T EE SH J EH <SPACE> B EE K <SPACE> S A RJ I <SPACE> H Uh P S EH HH EH J AA <SPACE> Us M D EH N H EE <SPACE> J A V EH N EH <SPACE> HH EH NG,id_009_.24
337,9,яһатан бүхэн өөр өөрын онсо хубсаһатай,J A HH EH T EH NG <SPACE> B Us H EH NG <SPACE> OOs R <SPACE> OOs R Y NG OOs <SPACE> O N S EH <SPACE> H Uh P S EH HH EH T EE,id_009_.25
338,9,хубсаһаараа бэшэ арадһаа бидэ илгарнабди,H Uh P S EH HH AA R AA <SPACE> B E SH EH <SPACE> A R EH D HH AA <SPACE> BJ I D EH <SPACE> I L Gr EH R N EH B DJ I,id_009_.26
339,9,энэ болотор дамжан ерэһэн буряад хубсаһаяа ганса һайндэрнүүдтэ бэшэ,E N EH <SPACE> B O L EH T EH R <SPACE> D A M ZH EH NG <SPACE> J E R EH HH EH NG <SPACE> B Uh RJ AA T <SPACE> H Uh P S EH HH EH J AA <SPACE> G A N S EH <SPACE> HH EE N D EH R N UUs T T EH <SPACE> B E SH EH,id_009_.27
340,9,харин юрын үдэрнүүдтэ үмдэхэдэ болохо гэжэ ойлгохонь шухала,H A RJ I NG <SPACE> J Uh R Y NG <SPACE> Us D EH R N UUs T T EH <SPACE> Us M D EH H EH D EH <SPACE> B O L EH H EH <SPACE> G E ZH EH <SPACE> OE L Gr EH H EH NJ <SPACE> SH Uh H EH L EH,id_009_.28
341,9,буряад маягта оруулагдаһан элдэб хубсаһануудые һанажа,B Uh RJ AA T <SPACE> M A J EH K <SPACE> O R UUh L EH G D EH HH EH NG <SPACE> E L D EH P <SPACE> H Uh P S EH HH EH N UUh D Y J EH <SPACE> HH A N EH ZH EH,id_009_.29
342,9,олоор оёжо дэлгүүртэ худалдадаг болоо һаань гоёл байха һэн,O L OOh R <SPACE> O J EH <SPACE> D E L Gr UUs R T EH <SPACE> H Uh D EH L D EH D EH K <SPACE> B O L OOh <SPACE> HH AA NJ <SPACE> G O J EH L <SPACE> B EE H EH <SPACE> HH EH NG,id_009_.30
343,9,жэшээлбэл би нэгэ тэрлигтэй болоод тэрэнээ үмдэхэ газараа олодоггүйб,ZH E SH EE L V EH L <SPACE> BJ I <SPACE> N E Gr EH <SPACE> T E R LJ I K T EE <SPACE> B O L OOh T <SPACE> T E R EH N EE <SPACE> Us M D EH H EH <SPACE> G A Z EH R AA <SPACE> O L EH D EH G G UIs P,id_009_.31
344,9,тэрлигээ ханза соогоо таһа даранхай хэдэн жэлээр байлгадагби,T E R LJ I Gr EE <SPACE> H A N Z EH <SPACE> S OOh Gr OOh <SPACE> T A HH EH <SPACE> D A R EH N H EE <SPACE> H E D EH NG <SPACE> ZH E L EE R <SPACE> B EE L Gr EH D EH G VJ I,id_009_.32
345,9,энэ буруул даа,E N EH <SPACE> B Uh R UUh L <SPACE> D AA,id_009_.33
346,9,шэнэхээнһээ ерэһэн айлшадые адаглахада,SH E N EH H EE N HH EE <SPACE> J E R EH HH EH NG <SPACE> EE L SH EH D Y J EH <SPACE> A D EH G L EH H EH D EH,id_009_.34
347,9,тэдэ энгэртэй буряад хубсаһаяа хаанашье үмдөөд ябадаг,T E D EH <SPACE> E NG G EH R T EE <SPACE> B Uh RJ AA T <SPACE> H Uh P S EH HH EH J AA <SPACE> H AA N EH SH J EH <SPACE> Us M D OOs T <SPACE> J A V EH D EH K,id_009_.35
348,9,эдэ досооһоо буряадайнгаа шэнжэ алдаагүй зон болоно,E D EH <SPACE> D O S OOh HH OOh <SPACE> B Uh RJ AA D EE NG G AA <SPACE> SH E N ZH EH <SPACE> A L D AA Gr UIs <SPACE> Z O NG <SPACE> B O L EH N EH,id_009_.36
349,9,энээн тухай хүн бүхэн бодомжолжо,E N EE NG <SPACE> T Uh H EE <SPACE> H Us NG <SPACE> B Us H EH NG <SPACE> B O D EH M ZH EH L ZH EH,id_009_.37
350,9,хубсаһаяа үмдөөгүй һаамнай,H Uh P S EH HH EH J AA <SPACE> Us M D OOs Gr UIs <SPACE> HH AA M N EE,id_009_.38
351,9,үндэһэн заншалнай хэндэшье хэрэггүй болохол,Us N D EH HH EH NG <SPACE> Z A N SH EH L N EE <SPACE> H E N D EH SH J EH <SPACE> H E R EH G G UIs <SPACE> B O L EH H EH L,id_009_.39
352,10,буряад хубсаһан арадай шэнжэ,B Uh RJ AA T <SPACE> H Uh P S EH HH EH NG <SPACE> A R EH D EE <SPACE> SH E N ZH EH,id_010_.01
353,10,орон нютагуудаар хүн аяншалхадаа,O R EH NG <SPACE> NJ Uh T EH Gr UUh D AA R <SPACE> H Us NG <SPACE> A J EH N SH EH L H EH D AA,id_010_.02
354,10,өөртөө ехэ юумэ мэдэжэ абахаһаа гадна сэдьхэлээрээ хүгжэдэг,OOs R T OOs <SPACE> J E H EH <SPACE> J UUh M EH <SPACE> M E D EH ZH EH <SPACE> A V EH H EH HH AA <SPACE> G A D N EH <SPACE> S E TJ H EH L EE R EE <SPACE> H Us G ZH EH D EH K,id_010_.03
355,10,гүрэн бүхэндэ зоной ажабайдал элдэбын,G Us R EH NG <SPACE> B Us H EH N D EH <SPACE> Z O N EE <SPACE> A ZH EH B EE D EH L <SPACE> E L D EH V Y NG,id_010_.04
356,10,гүрэнэй өөрын шиидхээгүй асуудалнуудшье байха,G Us R EH N EE <SPACE> OOs R Y NG <SPACE> SH Y T H EE Gr UIs <SPACE> A S UUh D EH L N UUh T SH J EH <SPACE> B EE H EH,id_010_.05
357,10,хүгжэнги һайн ажабайдалтай болоһоншье гүрэнүүд бии,H Us G ZH EH NG GJ I <SPACE> HH EE NG <SPACE> A ZH EH B EE D EH L T EE <SPACE> B O L EH HH EH NG SH J EH <SPACE> G Us R EH N UUs T <SPACE> BJ II,id_010_.06
358,10,жэшээлбэл хитад гүрэнэй ажабайдал һайжараа гэжэ тэмдэглэхээр,ZH E SH EE L B EH L <SPACE> HJ I T EH T <SPACE> G Us R EH N EE <SPACE> A ZH EH B EE D EH L <SPACE> HH EE ZH EH R AA <SPACE> G E ZH EH <SPACE> T E M D EH G L EH H EE R,id_010_.07
359,10,тэрэ гүрэнэй экономико хүгжэнги,T E R EH <SPACE> G Us R EH N EE <SPACE> E K O N O MJ I K EH <SPACE> H Us G ZH EH NG GJ I,id_010_.08
360,10,хүдөөгэй харгынуудынь асфальтаар хушагдаатай,H Us D OOs Gr EE <SPACE> H A R Gr Y N UUh D Y NJ <SPACE> A S F A LJ T AA R <SPACE> H Uh SH EH G D AA T EE,id_010_.09
361,10,харгын асуудал эндэ үгы болоһон гэжэ ойлгохоор,H A R Gr Y NG <SPACE> A S UUh D EH L <SPACE> E N D EH <SPACE> Us Gr Y <SPACE> B O L EH HH EH NG <SPACE> G E ZH EH <SPACE> OE L Gr EH H OOh R,id_010_.10
362,10,гадна түбэдэй хада уулаар нэмжыһэн,G A D N EH <SPACE> T Us V EH D EE <SPACE> H A D EH <SPACE> UUh L AA R <SPACE> N E M ZH Y HH EH NG,id_010_.11
363,10,дасан дуганууд хүрэтэр харгы жэгдэ асфальтаар хушагданхай байгаа һэн,D A S EH NG <SPACE> D Uh Gr EH N UUh T <SPACE> H Us R EH T EH R <SPACE> H A R Gr Y <SPACE> ZH E G D EH <SPACE>  A S F A LJ T AA R <SPACE> H Uh SH EH G D EH N H EE <SPACE> B EE Gr AA <SPACE> HH EH NG,id_010_.12
364,10,мүнөө түбэд хитад гүрэнэй мэдэлдэ оронхой,M Us N OOs <SPACE> T Us V EH T <SPACE> HJ I T EH T <SPACE> G Us R EH N EE <SPACE> M E D EH L D EH <SPACE> O R EH N H EE,id_010_.13
365,10,эрхэ сүлөөгөө алдаһан түбэдүүд ёһо заншалаа,E R H EH <SPACE> S Us L OOs Gr OOs <SPACE> A L D EH HH EH NG <SPACE> T Us V EH D UUs T <SPACE> J O HH EH <SPACE> Z A N SH EH L AA,id_010_.14
366,10,үндэһэн хубсаһаяа хэлэеэ алдахагүй гэжэ горитойхон ажал ябуулна,Us N D EH HH EH NG <SPACE> H Uh P S EH HH EH J AA <SPACE> H E L EE J EE <SPACE> A L D EH H EH Gr UIs <SPACE> G E ZH EH <SPACE> G O RJ I T EE H EH NG <SPACE> A ZH EH L <SPACE> J A B UUh L N EH,id_010_.15
367,10,түбэд яһатанай нэгэнби гэжэ мэдэржэ байдаг хүн бүхэниинь,T Us V EH T <SPACE> J A HH EH T EH N EE <SPACE> N E Gr EH NG BJ I <SPACE> G E ZH EH <SPACE> M E D EH R ZH EH <SPACE> B EE D EH K <SPACE> H Us NG <SPACE> B Us H EH NJ II NJ,id_010_.16
368,10,үндэһэн хубсаһаяа үмдэхые оролдодог,Us N D EH HH EH NG <SPACE> H Uh P S EH HH EH J AA <SPACE> Us M D EH H Y J EH <SPACE> O R EH L D EH D EH K,id_010_.17
369,10,тэдэнэй үндэһэн хубсаһан хэдэн янзын байдаг,T E D EH N EE <SPACE> Us N D EH HH EH NG <SPACE> H Uh P S EH HH EH NG <SPACE> H E D EH NG <SPACE> J A N Z Y NG <SPACE> B EE D EH K,id_010_.18
370,10,түбэдэй хото городуудаар,T Us V EH D EE <SPACE> H O T EH <SPACE> G O R EH D UUh D AA R,id_010_.19
371,10,үндэһэн хубсаһа наймаалдаг наймаа дэлгүүрнүүд олон юм,Us N D EH HH EH NG <SPACE> H Uh P S EH HH EH <SPACE> N EE M AA L D EH K <SPACE> N EE M AA <SPACE> D E L Gr UUs R N UUs T <SPACE> O L EH NG <SPACE> J Uh M,id_010_.20
372,10,энэ мэтээр монголоор бодоходо баһал омогорхохоор,E N EH <SPACE> M E T EE R <SPACE> M O NG G EH L OOh R <SPACE> B O D EH H EH D EH <SPACE> B A HH EH L <SPACE> O M EH Gr EH R H EH H OOh R,id_010_.21
373,10,улаанбаатарай дэлгүүрнүүдтэ үндэһэн хубсаһа худалдадаг газарнууд олон байна,Uh L AA NG B AA T EH R EE <SPACE> D E L Gr UUs R N UUs T T EH <SPACE> Us N D EH HH EH NG <SPACE> H Uh P S EH HH EH <SPACE> H Uh D EH L D EH D EH K <SPACE> G A Z EH R N UUh T <SPACE> O L EH NG <SPACE> B EE N EH,id_010_.22
374,10,энэдхэгтэшье ябахада индус яһатанай эхэнэрнүүд,E N EH T H EH K T EH SH J EH <SPACE> J A V EH H EH D EH <SPACE> I N D Uh S <SPACE> J A HH EH T EH N EE <SPACE> E H EH N EH R N UUs T,id_010_.23
375,10,баян үгытэйшье байг сари хубсаһаяа үмдэнхэй ябана һэн,B A J EH NG <SPACE> Us Gr Y T EE SH J EH <SPACE> B EE K <SPACE> S A RJ I <SPACE> H Uh P S EH HH EH J AA <SPACE> Us M D EH N H EE <SPACE> J A V EH N EH <SPACE> HH EH NG,id_010_.24
376,10,яһатан бүхэн өөр өөрын онсо хубсаһатай,J A HH EH T EH NG <SPACE> B Us H EH NG <SPACE> OOs R <SPACE> OOs R Y NG <SPACE> O N S EH <SPACE> H Uh P S EH HH EH T EE,id_010_.25
377,10,хубсаһаараа бэшэ арадһаа бидэ илгарнабди,H Uh P S EH HH AA R AA <SPACE> B E SH EH <SPACE> A R EH D HH AA <SPACE> BJ I D EH <SPACE> I L Gr EH R N EH B DJ I,id_010_.26
378,10,энэ болотор дамжан ерэһэн буряад хубсаһаяа ганса һайндэрнүүдтэ бэшэ,E N EH <SPACE> B O L EH T EH R <SPACE> D A M ZH EH NG <SPACE> J E R EH HH EH NG <SPACE> B Uh RJ AA T <SPACE> H Uh P S EH HH EH J AA <SPACE> G A N S EH <SPACE> HH EE N D EH R N UUs T T EH <SPACE> B E SH EH,id_010_.27
379,10,харин юрын үдэрнүүдтэ үмдэхэдэ болохо гэжэ ойлгохонь шухала,H A RJ I NG <SPACE> J Uh R Y NG <SPACE> Us D EH R N UUs T T EH <SPACE> Us M D EH H EH D EH <SPACE> B O L EH H EH <SPACE> G E ZH EH <SPACE> OE L Gr EH H EH NJ <SPACE> SH Uh H EH L EH,id_010_.28
380,10,буряад маягта оруулагдаһан элдэб хубсаһануудые һанажа,B Uh RJ AA T <SPACE> M A J EH K T EH <SPACE> O R UUh L EH G D EH HH EH NG <SPACE> E L D EH P <SPACE> H Uh P S EH HH EH N UUh D Y J EH <SPACE> HH A N EH ZH EH,id_010_.29
381,10,олоор оёжо дэлгүүртэ худалдадаг болоо һаань гоёл байха һэн,O L OOh R <SPACE> O J EH ZH EH <SPACE> D E L Gr UUs R T EH <SPACE> H Uh D EH L D EH D EH K <SPACE> B O L OOh <SPACE> HH AA NJ <SPACE> G O J EH L <SPACE> B EE H EH <SPACE> HH EH NG,id_010_.30
382,10,жэшээлбэл би нэгэ тэрлигтэй болоод тэрэнээ үмдэхэ газараа олодоггүйб,ZH E SH EE L V EH L <SPACE> BJ I <SPACE> N E Gr EH <SPACE> T E R LJ I K T EE <SPACE> B O L OOh T <SPACE> T E R EH N EE <SPACE> Us M D EH H EH <SPACE> G A Z EH R AA <SPACE> O L EH D EH G G UIs P,id_010_.31
383,10,тэрлигээ ханза соогоо таһа даранхай хэдэн жэлээр байлгадагби,T E R LJ I Gr EE <SPACE> H A N Z EH <SPACE> S OOh Gr OOh <SPACE> T A HH EH <SPACE> D A R EH N H EE <SPACE> H E D EH NG <SPACE> ZH E L EE R <SPACE> B EE L Gr EH D EH G BJ I,id_010_.32
384,10,энэ буруул даа,E N EH <SPACE> B Uh R UUh L <SPACE> D AA,id_010_.33
385,10,шэнэхээнһээ ерэһэн айлшадые адаглахада,SH E N EH H EE N HH EE <SPACE> J E R EH HH EH NG <SPACE> EE L SH EH D Y J EH <SPACE> A D EH G L EH H EH D EH,id_010_.34
386,10,тэдэ энгэртэй буряад хубсаһаяа хаанашье үмдөөд ябадаг,T E D EH <SPACE> E NG G EH R T EE <SPACE> B Uh RJ AA T <SPACE> H Uh P S EH HH EH J AA <SPACE> H AA N EH SH J EH <SPACE> Us M D OOs T <SPACE> J A V EH D EH K,id_010_.35
387,10,эдэ досооһоо буряадайнгаа шэнжэ алдаагүй зон болоно,E D EH <SPACE> D O S OOh HH OOh <SPACE> B Uh RJ AA D EE NG G AA <SPACE> SH E N ZH EH <SPACE> A L D AA Gr UIs <SPACE> Z O NG <SPACE> B O L N EH,id_010_.36
388,10,энээн тухай хүн бүхэн бодомжолжо,E N EE NG <SPACE> T Uh H EE <SPACE> H Us NG <SPACE> B Us H EH NG <SPACE> B O D EH M ZH EH L ZH EH,id_010_.37
389,10,хубсаһаяа үмдөөгүй һаамнай,H Uh P S EH HH EH J AA <SPACE> Us M D OOs Gr UIs <SPACE> HH AA M N EE,id_010_.38
390,10,үндэһэн заншалнай хэндэшье хэрэггүй болохол,Us N D EH HH EH NG <SPACE> Z A N SH EH L N EE <SPACE> H E N D EH SH J EH <SPACE> H E R EH G G UIs <SPACE> B O L EH H EH L,id_010_.39
